cat_name,com_id,com_logo_archive,com_name,com_prov,com_scope_id,current	,invse_currency_id,invse_day,invse_detail_money,invse_guess_particulars,invse_month,invse_round_id,invse_year,round
金融,18092,900637e42dec75cc7d660470795c07bd.png,蚂蚁金服,浙江,12,,1,23,160000,9600.00,6,11,2018,战略投资
企业服务,24348,116bef02d9859fbf02b0a13e06096a1c.png,阿里云,浙江,126,,1,29,600000,4220.00,7,11,2015,战略投资
汽车交通,157,8d0550e3f18bcd84402087a98210741b.png,滴滴出行,北京,28,,2,17,50000,3900.00,7,11,2018,战略投资
金融,16470,2b4263b060d94abd4fb8cb1fa485a715.png,陆金所,上海,12,,2,8,121600,3900.00,1,3,2016,B轮
文化娱乐,2031,archive/2031.png,今日头条,北京,115,,2,22,--,2275.00,9,6,2017,E轮
文化娱乐,32638447,9eb9adef66bfcdeb51377abe152d6218.png,腾讯音乐娱乐集团,北京,115,,2,18,--,1625.00,1,11,2018,战略投资
硬件,10886,16b6620131d592eecd427be7b8acb431.png,大疆无人机,广东,103,,2,6,7500,1430.00,5,4,2015,C轮
金融,27142,a692cd2aca67a6acaa487f9be0060cf3.png,京东数科,北京,12,,1,12,1300000,1330.00,7,3,2018,B轮
文化娱乐,519,e23167abf44a656e5560d42de198a090.png,快手,北京,115,,2,21,40000,1300.00,4,6,2018,E轮
物流,33165,c93b7f4f0b8e4ea83cea7da6f9b2fac7.png,菜鸟网络,浙江,211,,1,26,530000,1300.00,9,11,2017,战略投资
金融,55383,9785930e3f7de688880b98db8d41c647.png,比特大陆,北京,12,,2,7,44200,975.00,8,16,2018,B+轮
物流,32620864,c02a562ea229956373379359376896b4.png,京东物流,北京,211,,2,14,250000,871.00,2,2,2018,A轮
本地生活,29634,2f9decbf56045b7c76245e1451f84e0d.png,口碑,浙江,70,,2,24,110000,585.00,1,11,2017,战略投资
金融,23029,d84b95f8d479e1540017b5863218f146.jpg,借贷宝,北京,12,,1,26,250000,500.00,1,2,2016,A轮
房产服务,17422,371dc53fd04bb674b7ffc484ed2daada.jpg,链家网,北京,38,,1,20,--,500.00,11,11,2017,战略投资
汽车交通,5241,13e05a294e3132d393ebc4a584f9f122.jpg,车好多集团,北京,28,,2,16,16200,429.00,10,19,2018,C+轮
物流,32755239,53c54b1dee1261a780a4399f83a3903c.png,满帮集团,江苏,211,,2,24,190000,390.00,4,7,2018,F轮-上市前
企业服务,14937,fbb48ce5fd1a5e01679258a624caac9d.jpg,商汤科技SenseTime,北京,126,,2,10,100000,390.00,9,5,2018,D轮
医疗健康,1606,archive/1606.png,微医,浙江,47,,2,9,50000,357.50,5,7,2018,F轮-上市前
金融,16575,530422542495801a123f4967090d7c60.png,微众银行,广东,12,,2,28,45000,357.50,1,2,2016,A轮
工具软件,10160,archive/10160.png,WiFi万能钥匙,上海,161,,2,1,40000,338.00,12,4,2017,C轮
医疗健康,167410,1498de1dd36dcd7abb41db9b5150cee8.png,联影医疗,上海,47,,1,15,333300,333.50,9,2,2017,A轮
硬件,17975,b4c36bacc9c20e94b06927b0b61a3aa0.jpg,优必选科技,广东,103,,2,3,82000,325.00,5,4,2018,C轮
企业服务,32785726,72fd13eb8aa23ed97c865ad02a8dd32c.png,WeWork China,上海,126,,2,27,50000,325.00,7,3,2018,B轮
旅游,33415435,e350dcb0bcee26815440affc87f7b167.png,OYO酒店,北京,57,,2,25,100000,325.00,9,6,2018,E轮
硬件,3171,76379dc28ab9f7f3628b52f4161679bd.png,柔宇科技,广东,103,,1,9,--,325.00,8,11,2018,战略投资
汽车交通,42886,188c46e9c3b9b6a079e5712494c7e884.png,威马汽车,上海,28,,1,22,--,315.00,12,16,2017,B+轮
硬件,12137,8beeaa1ee928aff70fdaf6ee3acb5cf8.png,魅族,广东,103,,1,21,20000,305.00,10,3,2016,B轮
电子商务,2,ae93c834ee2f4f450fdc6dcfb697cfb4.jpg,蘑菇街,浙江,145,,2,21,20000,260.00,11,5,2015,D轮
房产服务,2143,7242c0fb7674bd79b9f801a9288f3366.png,房多多,广东,38,,2,16,22300,260.00,9,4,2015,C轮
文化娱乐,10292,archive/10292.png,斗鱼TV,湖北,115,,1,8,400000,250.00,3,6,2018,E轮
汽车交通,29250,c6119ce3c53deb368de0c9498c4a890b.jpg,小鹏汽车,广东,28,,1,2,400000,250.00,8,16,2018,B+轮
金融,32811184,d99566c45cf4e61f5867f85fa6228541.png,度小满金融,北京,12,,2,28,190000,234.00,4,11,2018,战略投资
物流,10722,b0d5e27725ef1fadcb9e045eb2a92ed4.gif,易商红木,上海,211,,2,15,30600,234.00,5,5,2018,D轮
企业服务,19911,2fc1f7341b504798b5d6b2c92d25c68e.jpg,云从科技,重庆,126,,1,8,--,230.00,10,16,2018,B+轮
旅游,7484,archive/7484.png,同程旅游,江苏,57,,1,5,200000,227.50,6,11,2018,战略投资
汽车交通,1213,1767b0ae2a3ca3b9c6cf264c3d4b32cc.jpg,大搜车,浙江,28,,2,3,57800,227.50,9,7,2018,F轮-上市前
教育,8811,archive/8811.jpg,VIPKID,北京,1,,2,21,50000,227.50,6,20,2018,D+轮
文化娱乐,286,d3a3ea341ba2b1c5cb214397aa65e23d.png,喜马拉雅,上海,115,,2,22,46000,221.00,8,6,2018,E轮
电子商务,16274,71b62d226ec45ceb058a6bb18a0dd071.jpg,美菜网,北京,145,,1,8,100000,220.00,10,11,2018,战略投资
汽车交通,9271,f6fa0c384eb99efc6446fd6df003ce1c.png,游侠汽车,上海,28,,2,22,35000,217.75,8,16,2018,B+轮
金融,51361,3e68ffe776b12a69616fc8f0829beab7.png,银联商务,上海,12,,1,22,200000,205.00,10,11,2016,战略投资
电子商务,6128,archive/6128.png,汇通达,江苏,145,,1,17,450000,200.00,4,11,2018,战略投资
房产服务,4233,archive/4233.png,自如网,北京,38,,1,16,400000,200.00,1,2,2018,A轮
汽车交通,32375926,5e0437ec323717f03bd1821a10cf5150.png,奇点汽车,北京,28,,1,25,300000,200.00,4,4,2018,C轮
文化娱乐,3700,archive/3700.png,猫眼电影,北京,115,,1,10,100000,200.00,11,11,2017,战略投资
汽车交通,27873,5e400ba0edf51a8b8d970a03d3eb1a10.png,首汽租车,北京,28,,1,27,215000,200.00,12,3,2016,B轮
文化娱乐,17167,93e92b6c55a4515c0713a91e0eddb650.jpg,大地影院,广东,115,,1,6,7885,195.00,7,11,2017,战略投资
汽车交通,18710,92216476890000e08fa39ff29d17b923.png,ofo小黄车,北京,28,,2,13,86600,195.00,3,11,2018,战略投资
文化娱乐,3491,archive/3491.png,一下科技,北京,115,,2,19,50000,195.00,11,6,2016,E轮
企业服务,1862,4c1f608d336f9f94c0164bb34c18d088.jpg,旷视科技Face++,北京,126,,2,23,60000,195.00,7,5,2018,D轮
医疗健康,42747,6a632abccba0463f74ebfa766f85e2c2.png,复宏汉霖,上海,47,,2,19,15700,195.00,7,3,2018,B轮
电子商务,3749,f8b33c8fcd7c4c53763210ed4f388d44.png,小红书,上海,145,,2,1,30000,195.00,6,5,2018,D轮
汽车交通,79563,33045c28105f5236e512be7102a609e0.png,拜腾,江苏,28,,2,11,50000,195.00,6,3,2018,B轮
医疗健康,33457298,8f65ea44bfb791397aab29bbae9905a9.png,杰华生物,山东,47,,2,20,27300,177.45,4,11,2018,战略投资
教育,25430,d6d031678c31fe9e344fd3037a1abebd.jpg,作业帮,北京,1,,2,2,50000,162.50,10,6,2018,E轮
硬件,60276,f14b17e48c845471e4960143a813f834.png,寒武纪科技,北京,103,,2,20,--,162.50,6,3,2018,B轮
文化娱乐,1485,d343713161aeb77a972ac7667ffa0bbf.png,知乎,北京,115,,2,8,27000,156.00,8,6,2018,E轮
企业服务,24897,e05c2c92ab09a1b01c5b3d230bfe7844.png,依图科技,上海,126,,2,17,10000,156.00,7,19,2018,C+轮
企业服务,3151,e7f945e354b8717ab0327f814da3ba33.png,金山云,北京,126,,2,29,72000,156.00,1,5,2018,D轮
金融,9835,eb47c174e2494a1807d4b4fad33faec8.png,草根投资,浙江,12,,1,4,230000,155.00,6,5,2018,D轮
汽车交通,53406,81fc8417e2a40e79fb061ef31fc58c8c.png,哈啰出行,上海,28,,1,1,200000,148.00,6,7,2018,F轮-上市前
文化娱乐,17314,1b254af6c140d6eeeed12158c5a38430.jpg,淘票票,浙江,115,,1,24,133300,146.00,7,11,2017,战略投资
金融,4403,e2bf98482d547d8d4d3dcc2f6591668f.png,玖富,北京,12,,2,27,--,143.00,9,6,2018,E轮
本地生活,1613,f8808e52a7211cb6dcefcb8f62ba111a.png,宝宝树,北京,70,,1,4,--,140.00,6,11,2018,战略投资
汽车交通,43551,113ac6a86e5ef64fbe143110e7f351bd.png,银隆新能源,广东,28,,1,15,300000,134.00,12,11,2016,战略投资
金融,1795,71b9ced3ea3b182b46f6a14b0e4c2be8.png,挖财,浙江,12,,2,18,14000,130.00,7,5,2018,D轮
房产服务,1340,71dfcc5971d5c8a4949602d74aa0629a.jpg,土巴兔,广东,38,,2,9,20000,130.00,3,4,2015,C轮
电子商务,17099,e0dae26e6d28c34462d74c57d6aab198.png,每日优鲜,北京,145,,2,6,45000,130.00,9,11,2018,战略投资
文化娱乐,279,archive/279.png,荔枝FM,广东,115,,2,3,5000,130.00,1,5,2018,D轮
金融,24210,8111c0dac57174ee0b5eb00dc588ebe9.png,网信理财,北京,12,,2,20,7000,130.00,9,4,2016,C轮
广告营销,62758,107b21f7418eae4449c1a093ebcd2dd0.png,新潮传媒,四川,95,,1,9,200000,130.00,4,11,2018,战略投资
硬件,10567,archive/10567.png,奥比中光,广东,103,,2,21,20000,130.00,5,5,2018,D轮
电子商务,8705,archive/8705.png,中商惠民网,北京,145,,1,4,130000,130.00,9,3,2016,B轮
汽车交通,28041,9a6461497a0ab467f8094edd268b11ad.png,车和家,北京,28,,1,22,300000,126.00,3,3,2018,B轮
房产服务,21412,18911ddb49ab01877d01acc5d5ad0a75.png,优客工场,北京,38,,1,14,30000,124.00,8,11,2018,战略投资
汽车交通,7699961,71e026deba77b420b21fcd40cf6d786c.jpg,电咖汽车,北京,28,,1,24,200000,120.00,7,12,2018,Pre-A轮
电子商务,8,archive/8.png,找钢网,上海,145,,1,4,--,120.00,7,7,2017,F轮-上市前
汽车交通,28984,aad900162d0d9f2eb3dd46bf99b7a5cd.png,时空电动,浙江,28,,1,13,--,120.00,8,11,2018,战略投资
汽车交通,7887,ce1c6f76eff7cddd4c9d43247e63da75.png,途虎养车,上海,28,,2,15,45000,117.00,9,6,2018,E轮
体育运动,32766436,9553bc329091a31095586ead7f878a0c.png,苏宁体育,江苏,210,,2,19,60000,117.00,7,2,2018,A轮
工具软件,13846,a7697da7f1c2295bd8b27d6d8a289678.png,APUS麒麟合盛,北京,161,,1,18,--,116.50,8,11,2017,战略投资
金融,9986,archive/9986.png,Wecash闪银奇异,北京,12,,2,20,16000,104.00,3,5,2018,D轮
医疗健康,12911,205b6da7c1f6752ede4389d83accc140.jpg,好大夫在线,北京,47,,2,29,20000,100.00,3,5,2017,D轮
电子商务,10782,archive/10782.png,贝贝网,浙江,145,,2,16,10000,100.00,6,5,2016,D轮
企业服务,7017,5951450e36e4072c61b05a580480b9a0.png,华云数据,江苏,126,,1,9,100000,100.00,6,7,2018,F轮-上市前
汽车交通,71236,40bf90091c2e1d8d662283e2fa0145dd.png,曹操专车,浙江,28,,1,17,100000,100.00,1,2,2018,A轮
企业服务,9844,2ff907b1fb016aed3a53c1e57ddb434e.png,猪八戒网,重庆,126,,1,15,260000,100.00,6,4,2015,C轮
金融,55077,88a1aa8f0f023e240bc90dccdc985355.png,正奇金融,安徽,12,,1,29,50000,100.00,12,11,2016,战略投资
金融,6454,archive/6454.png,团贷网,广东,12,,1,31,180000,100.00,5,5,2017,D轮
物流,3364177,bf3bf8a036bb6b89cc0a84cddaaf37c8.png,普泰集团,香港,211,,1,14,100000,100.00,6,11,2017,战略投资
企业服务,4483,3077f2dea386452ef2d9698c57ce8346.png,UCloud,上海,126,,1,28,--,100.00,6,6,2018,E轮
汽车交通,30584,49a6fadfb724102c20ae4728f4f72ddb.jpg,斑马智行,上海,28,,1,13,160000,100.00,9,2,2018,A轮
金融,22529,f1176e9cda10ca04a9098fc5c1db9d3f.jpg,拉卡拉,北京,12,,1,24,7000,100.00,6,11,2015,战略投资
汽车交通,6696134,628990dcb43cd257945765d6fa16d79f.png,爱驰汽车,上海,28,,1,15,--,100.00,4,2,2018,A轮
文化娱乐,18756,2506998f4198e3ccadb49c9a0ef521bf.jpg,网易云音乐,浙江,115,,1,12,--,100.00,10,11,2018,战略投资
文化娱乐,16082,5979fb15e0aef81f31ed8351af8d29dd.jpg,快看漫画,北京,115,,2,1,17700,99.45,12,5,2017,D轮
电子商务,1418,265b581a946c2d8b77dc78d47c5ccbc4.png,爱回收,上海,145,,2,12,15000,97.50,7,11,2018,战略投资
旅游,849,5a0acca6406b06af117f1a2fbbaa3111.jpg,途家网,北京,57,,2,10,30000,97.50,10,6,2017,E轮
游戏,8833,archive/8833.png,西山居,广东,80,,2,21,14300,97.50,4,11,2017,战略投资
硬件,21616,fc8b824fa106e46f617234e27c172f9e.jpg,地平线机器人,北京,103,,2,20,--,97.50,10,14,2017,A+轮
教育,9459,archive/9459.png,轻轻家教,上海,1,,2,30,5500,97.50,10,5,2017,D轮
房产服务,38,b1096e80582b832d420d32c527516fcf.png,小猪短租,北京,38,,2,10,30000,97.50,10,11,2018,战略投资
电子商务,454,archive/454.png,辣妈帮,广东,145,,2,9,--,97.50,2,5,2017,D轮
医疗健康,17555,c3ef4bd24fe209bc0375afb9d03f0889.jpg,1药网,广东,47,,2,12,14000,91.00,9,8,2018,IPO上市
硬件,44471,ea9c0d3ba1c293b4ee88c3e3b0c40f69.png,酷开,广东,103,,1,16,101000,91.00,3,11,2018,战略投资
电子商务,27182,fc8b9ae92ab33816d560b89507fbfa1a.jpg,百果园,广东,145,,1,11,150000,90.00,1,3,2018,B轮
文化娱乐,13789,68441beb683be2434c6cccad1a37a990.jpg,界面,上海,115,,1,2,30000,90.00,7,3,2016,B轮
旅游,56299,57956603ac0250de7baf1855cd487fbb.png,古北水镇,北京,57,,1,10,--,85.00,7,11,2018,战略投资
物流,11553,9330f93b514b83a5df627a7c351e54a0.jpg,ANE安能物流,上海,211,,2,1,15000,84.50,1,6,2016,E轮
电子商务,2315,archive/2315.png,中粮我买网,北京,145,,2,21,22000,84.50,10,4,2015,C轮
房产服务,32112,a4d5bc3dca4468b5ba0794c3e934c713.png,氪空间,北京,38,,2,26,30000,84.50,6,3,2018,B轮
汽车交通,21897,c2c99e0dcaa19033f5852fc8e8ccfc24.jpg,ETCP停车,北京,28,,1,13,155000,82.00,10,3,2016,B轮
物流,13923,2a762c1f9808130d58624d90fa819b0a.png,运立方,北京,211,,2,2,12600,81.90,5,3,2015,B轮
医疗健康,14078,79048bf21c37d27225369d5a587722f2.png,医联,四川,47,,1,31,100000,80.00,7,5,2018,D轮
电子商务,1821,3b97d62ccb48f64914d440de51b32b41.jpg,易果生鲜,上海,145,,2,3,30000,78.00,8,5,2017,D轮
物流,9987,59bf835ca61d7707867b3d5618228b16.png,闪送,北京,211,,2,28,6000,78.00,8,5,2018,D轮
物流,81102,3fdf3578b48354ad8cf7a8c4ef081562.png,安鲜达物流,上海,211,,2,1,30000,78.00,8,11,2017,战略投资
医疗健康,48235,2b971759e60541e8eb7209c6e626370e.png,明码生物,上海,47,,2,8,24000,78.00,9,16,2017,B+轮
教育,23347,c72850d60e7ce01f27dce1b02feedc7f.jpg,掌门1对1,上海,1,,2,26,12000,78.00,12,5,2017,D轮
金融,31889,3ddfb2b5b840c9b7a70a8be5dba3b96b.png,易生金服,北京,12,,1,29,190000,76.00,12,16,2016,B+轮
汽车交通,60647,8777702cfacf6a180b2b7374076ca5c9.jpg,微宏,浙江,28,,1,21,276000,75.00,4,11,2017,战略投资
企业服务,17847,b0692148b5b851632a532d4dd75a889d.png,数梦工场,浙江,126,,1,8,75000,75.00,6,2,2017,A轮
企业服务,9017,a5e9601a6551195b9d37a00c53c82cae.png,九次方大数据,北京,126,,1,9,8000,75.00,7,19,2018,C+轮
金融,4306,0add1844af7c26ece4876191f1743417.jpg,富途证券,广东,12,,2,12,14550,74.30,6,4,2017,C轮
农业,32542952,8010e8887d36f1fa862e82d2770a0423.png,农信互联,北京,258,,1,18,36400,74.00,9,3,2018,B轮
工具软件,32786293,a6311d0b4422c5fe58ecd49549228d55.png,网易有道,北京,161,,2,17,--,72.80,4,2,2018,A轮
电子商务,10602,f49b8357ee142f252b17722e294bbefb.gif,蜜芽宝贝,北京,145,,2,28,10000,71.50,10,6,2016,E轮
电子商务,23578,5c46d13c9fc65af96b205e428d7e2c12.png,易久批,北京,145,,2,20,20000,71.50,9,5,2018,D轮
医疗健康,59787,7f1eb001ce6478adac7ddd013a50c5ed.png,天境生物,上海,47,,2,29,22000,71.50,6,4,2018,C轮
医疗健康,17723,cf00854c1beec5230699d5c0a130b2f0.PNG,信达生物,江苏,47,,2,27,15000,71.50,4,6,2018,E轮
房产服务,44840,6e4ce10a66e3539a0eb46c0f7813d565.png,艾佳生活,江苏,38,,1,18,100000,70.00,9,3,2018,B轮
教育,1925,87ef2e9ce9f5a2fc642c918b11c5b776.png,沪江网校,上海,1,,1,28,100000,70.00,10,5,2015,D轮
汽车交通,30766,4a4c57918ee2a9a1dca0d1cb2cf41bbc.png,首汽约车,北京,28,,1,20,70000,70.00,11,16,2017,B+轮
医疗健康,30244,8b195da974f1626cfedf9010f63caaf9.png,诺禾致源,北京,47,,1,17,50000,70.00,11,3,2016,B轮
企业服务,101,archive/101.png,云知声,北京,126,,1,19,60000,70.00,7,19,2018,C+轮
电子商务,6054,534234fd71a5f2900e6d9e4fffdfdd99.png,1919酒类直供,四川,145,,1,18,200000,70.00,10,4,2018,C轮
医疗健康,16916,15c50d4415c4721e9c09139f53f81462.png,零氪科技,北京,47,,1,4,100000,70.00,7,5,2018,D轮
文化娱乐,25503,db941e08b4972a8de0f2b2d2f6ed9424.jpg,罗辑思维,北京,115,,1,25,96000,70.00,9,4,2017,C轮
医疗健康,63,archive/63.png,春雨医生,北京,47,,1,6,--,70.00,6,5,2016,D轮
金融,23251,e8372548d3600db057fd6e98113b572a.png,老虎证券,北京,12,,1,11,50000,68.90,7,4,2018,C轮
金融,21150,11cccb2ce6ba4221218a26ddf68f9678.jpg,联易融,广东,12,,2,15,22000,68.25,10,4,2018,C轮
电子商务,10382,archive/10382.png,金银岛,北京,145,,1,5,80000,66.60,8,3,2015,B轮
本地生活,58692,d448cfd296160d7d661942f60f43c734.png,便利蜂,北京,70,,2,9,30000,65.00,2,2,2017,A轮
企业服务,18664,304cc0ac75d61342b1d5ea88c0e2c488.jpg,涂鸦智能,浙江,126,,2,24,20000,65.00,7,4,2018,C轮
本地生活,18031,7c579d074cebc33de94e43b0debf656c.png,58到家,北京,70,,2,12,30000,65.00,10,2,2015,A轮
硬件,6957,132a8cd552922f091221f82998cc6ce0.png,Ninebot纳恩博,北京,103,,2,20,10000,65.00,10,4,2017,C轮
旅游,12203,302c236cd4fc2b69d42ceb383ce67169.png,KLOOK客路旅行,广东,57,,2,7,20000,65.00,8,5,2018,D轮
教育,7237,archive/7237.jpg,学霸君,北京,1,,2,20,10000,65.00,1,4,2017,C轮
医疗健康,32409896,8e647b8707b990a9ae67f6952a946b1a.png,基石药业,江苏,47,,2,9,26000,65.00,5,3,2018,B轮
物流,7239,36ed42a9c3b7f7721822c0e9ed028920.png,G7,北京,211,,2,23,--,65.00,8,11,2018,战略投资
教育,335,141dd540d28946082e822352d0f5aebd.png,一起作业,上海,1,,2,20,25000,65.00,3,6,2018,E轮
本地生活,846,8fbf3a261f1e56a51c73cd15f8832042.png,点我达,浙江,70,,2,11,29000,65.00,7,11,2018,战略投资
电子商务,29631,95f06c66eba139eb8b0fb199b2a9fce9.png,转转,北京,145,,2,18,20000,65.00,4,2,2017,A轮
汽车交通,53629,3acab9539a788f02cabf55f028baefab.png,Momenta,北京,28,,2,18,20000,65.00,10,11,2018,战略投资
企业服务,934,15d3a3291b5f047552d1deced5ff7d99.png,纷享销客,北京,126,,2,23,5000,65.00,1,11,2018,战略投资
硬件,43928,a1f2c4495df7be3ebce8112300dbb983.png,好享家,江苏,103,,2,18,--,65.00,10,19,2018,C+轮
金融,1155,d64de4ec668e1f5a036c2fb67e2e0189.png,点融网,上海,12,,2,7,4000,65.00,8,6,2018,E轮
汽车交通,32655,81b393ca1fe34f5a4407fe9c4e36e0ba.jpg,巴图鲁汽配铺,广东,28,,1,2,--,65.00,3,11,2018,战略投资
医疗健康,4887,4ed18c2ecb3984b7b732cd5482e6f098.png,新氧,北京,47,,2,4,7000,65.00,9,6,2018,E轮
医疗健康,32992613,1c0d4ad1a0cd5462b5c15474b6b51e1b.png,禾连健康,浙江,47,,2,21,7500,65.00,6,3,2018,B轮
文化娱乐,2624,afff366f0974e8d29bbf9b51471766f1.jpg,一点资讯,北京,115,,2,17,12100,65.00,10,6,2017,E轮
企业服务,5798,b28fc28debaebcf7c43ee36440f1f8ec.jpg,同盾科技,浙江,126,,2,10,7280,65.00,10,4,2017,C轮
本地生活,32827078,ec93c7365ff2a128e5063734b6b393f8.png,禧云国际,北京,70,,2,8,20000,65.00,5,2,2018,A轮
社交网络,5760,archive/5760.png,脉脉,北京,135,,2,21,20000,65.00,8,5,2018,D轮
医疗健康,80887,0ae13c279dd14b45be128b5e9999af67.png,安翰光电,湖北,47,,2,15,10000,65.00,8,3,2017,B轮
教育,8840,ed10d419187b3297ed42debe914f45a5.png,慧科教育集团,北京,1,,1,24,--,65.00,5,5,2018,D轮
教育,1927,archive/1927.png,VIPABC,上海,1,,2,19,20000,65.00,11,4,2015,C轮
金融,1393,archive/1393.png,人人贷,北京,12,,2,5,13000,65.00,1,2,2014,A轮
电子商务,1634,957242155495aaeed9639ed05a4f4f19.png,返利网,上海,145,,2,21,10000,65.00,4,4,2015,C轮
物流,57532,3696f38836b8315c396b35e21d81bb18.png,越海物流,广东,211,,1,21,120000,65.00,9,2,2017,A轮
医疗健康,1556,4578a9d42b037096e43e08ab96ebe089.png,丁香园,浙江,47,,2,10,10000,65.00,4,5,2018,D轮
物流,17081,6948f54e6b3e28c34cfee1da8a9eac35.jpg,云鸟配送,北京,211,,2,13,10000,65.00,2,5,2017,D轮
物流,28997,00e27987536115b63e4d2eab8d0c211e.jpg,斑马快跑,湖北,211,,1,21,65000,65.00,4,5,2017,D轮
企业服务,107,c04c8740ebdd7572853a5b6840bdd396.png,出门问问,北京,126,,2,6,18000,65.00,4,5,2017,D轮
金融,1971,archive/1971.png,随手记,广东,12,,2,25,20000,65.00,9,4,2017,C轮
物流,38479,1c1d1ae7abf5773b30a0f894a855b695.png,快狗打车,北京,211,,2,13,25000,65.00,7,2,2018,A轮
教育,1491,archive/1491.png,猿题库,北京,1,,2,31,12000,65.00,5,6,2017,E轮
医疗健康,28104,0d6f38cfde85fa9efed7b5303d8de54a.jpg,碳云智能科技,广东,47,,1,3,30000,65.00,7,11,2016,战略投资
汽车交通,11646,archive/11646.png,人人车,北京,28,,2,26,30000,65.00,4,6,2018,E轮
电子商务,11157,8e1076416fb4af42708a4f9a49f7de83.jpg,卷皮网,湖北,145,,1,13,60000,65.00,4,4,2016,C轮
本地生活,20673807,b3cc88a45f601aaf5b15730bcef67d65.png,瑞幸咖啡Luckin Coffee,北京,70,,2,11,20000,65.00,7,2,2018,A轮
工具软件,25651,a1e42afc409ac9802acff209ac420dd6.jpg,DotC United,北京,161,,2,25,35000,65.00,7,3,2017,B轮
房产服务,11382,6528ec09cea257e92cf81d0fc23fe173.PNG,魔方公寓,上海,38,,2,12,30000,65.00,4,4,2016,C轮
硬件,26049,74298d7aa4d9e6968aea66f053cb40a1.png,小马智行,北京,103,,2,11,10200,65.00,7,14,2018,A+轮
硬件,25188,9d06a4ebeed7bee15cbd1de2262f81f9.jpg,微鲸科技,上海,103,,1,14,200000,65.00,8,2,2015,A轮
电子商务,60225,3aa5b74649a9921ad153f0e69635bb67.jpg,执御信息,浙江,145,,2,28,--,65.00,5,4,2018,C轮
物流,16184,891d6c96f93eb21b062a46dbdc7be820.png,货拉拉,广东,211,,2,11,10000,63.70,10,4,2017,C轮
硬件,31389,747c3ad1f8d66cd21c556d851debf788.jpg,努比亚Nubia,广东,103,,1,31,193000,60.00,12,11,2015,战略投资
汽车交通,10727,53dec5f8b5b69de2987b1d1b257ef99f.png,车置宝,江苏,28,,1,6,80000,60.00,6,5,2018,D轮
企业服务,32512101,754a85873f1362e156987127f0d7decb.png,寰图,广东,126,,1,12,--,60.00,10,14,2018,A+轮
本地生活,77478,a3e1719475670315b4c68ed76fc4e5df.png,奈雪の茶,广东,70,,1,19,--,60.00,3,14,2018,A+轮
硬件,51816,d3a3259293a8fb3eed27faaa39ea6491.png,能力风暴,上海,103,,1,8,60000,60.00,10,2,2016,A轮
房产服务,45256,3df29662d27559d93f143046e3f1adca.jpg,共享际,北京,38,,1,21,20000,60.00,5,16,2018,B+轮
房产服务,1036033,d5336d2dd81dffafb661b291e1171657.png,东久中国,上海,38,,2,18,18000,60.00,9,5,2017,D轮
电子商务,51,d50f62923b1f250cfa3a22b2c3f7b99a.png,楚楚街,北京,145,,1,5,100000,60.00,5,4,2016,C轮
电子商务,13023,d25cd9c6bf936d9cbe00536c78e480c6.jpg,达令,北京,145,,1,3,--,60.00,11,11,2017,战略投资
企业服务,32876,96269dc46ea52ddecb2e289d4f971d10.png,乐视云,北京,126,,1,28,100000,60.00,2,2,2016,A轮
企业服务,32962717,92039203a78f3a1c6fa65eaa4caa7b50.png,小黄狗,广东,126,,1,15,105000,60.00,6,2,2018,A轮
医疗健康,16216,0fe849f10e31c157c7471ef4ffd32c9e.jpg,七乐康,广东,47,,1,1,--,60.00,8,11,2018,战略投资
企业服务,12,archive/12.png,TalkingData,北京,126,,2,22,--,58.50,5,5,2017,D轮
电子商务,39,archive/39.png,口袋购物,北京,145,,2,23,35000,58.50,10,4,2014,C轮
医疗健康,9839,4b7dfe9a72c628b67526f05dd7b89848.jpg,瑞尔齿科,北京,47,,2,29,9000,58.50,8,5,2017,D轮
体育运动,14236,d4b9f5a79d231de137340466690460fd.png,Keep,北京,210,,2,10,12700,55.25,7,5,2018,D轮
电子商务,405,archive/405.png,食行生鲜,江苏,145,,1,12,29000,54.50,9,19,2017,C+轮
企业服务,2367,46d27079e06738b410d5e5c05df22414.jpg,青云QingCloud,北京,126,,1,12,108000,54.00,6,5,2017,D轮
电子商务,9023,archive/9023.png,邮乐网,上海,145,,2,1,11000,53.95,2,2,2014,A轮
汽车交通,26549,11c27d8d2dc652f926e9bd31d93f5461.png,天天拍车,上海,28,,2,7,10000,52.00,6,5,2018,D轮
文化娱乐,15338,6b68d5d03bce0e581eaee1fd9eb1af69.png,百度视频,北京,115,,2,5,10000,52.00,9,3,2018,B轮
文化娱乐,1731,bf99da2081b2d083a4ad265595b1ae26.png,YOHO!,江苏,115,,2,12,2500,52.00,10,6,2018,E轮
企业服务,28114,b1dab4f89188e1222cfb0ddf2dbccd25.png,DataVisor,北京,126,,2,13,4000,52.00,2,4,2018,C轮
教育,20891,b45cdf3e83b370cb95faa8a117c38aa1.png,学乐云教学,浙江,1,,2,12,20000,52.00,10,4,2016,C轮
汽车交通,12919,bd9fee2e7a8520ee7e8e1c3ad0cd1498.jpg,典典养车,浙江,28,,2,10,--,52.00,10,19,2017,C+轮
电子商务,20289,3d7ca60490c1563c18b0697c2745af8f.png,万色城,浙江,145,,2,17,10000,52.00,10,14,2016,A+轮
文化娱乐,9503,efae27f66fa468e71a3aadc034c428b4.jpg,花椒直播,北京,115,,1,26,100000,50.00,5,3,2017,B轮
硬件,2666,05936bf273cde2500c79b5ec832161b4.jpg,锤子科技,北京,103,,1,7,100000,50.00,8,11,2017,战略投资
体育运动,4475509,2bf72457073292e902531abc9cc6c097.png,动因体育,北京,210,,1,28,50000,50.00,9,3,2017,B轮
金融,4028,archive/4028.png,微贷网,浙江,12,,1,20,100000,50.00,5,4,2016,C轮
物流,35847,189f014dc2180362749d19827162b18d.png,天地汇,上海,211,,1,23,50000,50.00,3,4,2018,C轮
医疗健康,44213,dd2139c062e223a3b43c928c0161c8c3.png,众友健康,甘肃,47,,1,6,50000,50.00,9,11,2016,战略投资
汽车交通,9873,archive/9873.png,车享,上海,28,,1,1,100000,50.00,12,3,2017,B轮
汽车交通,7672235,4f149b35322fd263c87ee507703f6594.png,零跑科技,浙江,28,,1,29,40000,50.00,1,12,2018,Pre-A轮
企业服务,32927,a87b9e9cde74a04d000ff7d58b068bfe.jpg,CTG易才集团,北京,126,,1,28,200000,50.00,11,5,2016,D轮
游戏,26500,6be2fff7a40514e6475d870c82bf8cdf.jpg,熊猫直播,上海,80,,1,25,100000,50.00,5,3,2017,B轮
文化娱乐,1948,archive/1948.png,蜻蜓FM,上海,115,,1,22,100000,50.00,9,6,2017,E轮
企业服务,650,6cbd6d02d1c17af1d1268fe734036b9b.png,七牛云,上海,126,,1,28,100000,50.00,8,6,2017,E轮
物流,10492,archive/10492.png,全峰快递,北京,211,,1,2,125000,50.00,11,11,2016,战略投资
企业服务,20253,84f47db92024e9995535ecb38fbcc53d.png,汇桔网,广东,126,,1,8,68000,50.00,4,11,2018,战略投资
金融,14302,archive/14302.png,狮桥集团,北京,12,,1,11,100000,50.00,7,11,2018,战略投资
医疗健康,33203843,ce0709b9a673380f2753c78ce2f37f5a.png,同润生物,上海,47,,2,28,15000,48.75,7,2,2018,A轮
本地生活,32264147,72a0db9dd45d7ae84732ba04323dfa4c.png,每日优鲜便利购,北京,70,,2,29,14400,46.80,12,3,2017,B轮
金融,53066,aed248b11a5054efa05b5f5d095896d8.jpg,用钱宝,北京,12,,1,28,46600,46.60,3,4,2017,C轮
金融,10514,bee0e051e005dde7cdd7e639ad8e5669.png,百融大数据,北京,12,,1,18,100000,46.00,4,4,2018,C轮
金融,30576,71020d2b37bfb74dcd5bebdb6ead7879.png,紫晶通财,广东,12,,2,2,30000,46.00,11,5,2016,D轮
本地生活,70,7ce0b43955a73d7080067553047294d9.png,婚礼纪,浙江,70,,2,10,--,45.50,7,19,2018,C+轮
医疗健康,43061,7fb633f9fc519c7cbfec58bf43eea773.png,奕安济世,浙江,47,,2,6,3500,45.50,6,16,2018,B+轮
金融,11125,007639e1b64862e7484ef7d4f3ffac7d.jpg,我来贷,广东,12,,1,8,150000,45.00,11,11,2017,战略投资
硬件,29368498,0182cba224026229297b87dae6024231.png,ThinkForce熠知电子科技,上海,103,,1,14,45000,45.00,12,2,2017,A轮
企业服务,2159,20de73c6eddb10618694d8f073584740.jpg,个推,浙江,126,,1,28,--,45.00,6,6,2017,E轮
文化娱乐,6242,archive/6242.png,磨铁图书,北京,115,,1,4,30000,45.00,7,4,2017,C轮
电子商务,1687,archive/1687.png,洋码头,上海,145,,1,14,--,45.00,11,4,2017,C轮
金融,26005,17c93a1fa61ba67608cc6c639679921d.jpg,BBD数联铭品,四川,12,,1,9,44000,44.00,2,6,2018,E轮
文化娱乐,4,archive/4.png,唱吧,北京,115,,1,22,--,43.00,1,6,2016,E轮
旅游,151,aa2bee9886318b1282159dd4051fbd20.png,马蜂窝旅游网,北京,57,,2,12,13300,42.90,12,5,2017,D轮
金融,47156,661db401fcfda17df7ea0965fe97f2de.png,钱包生活,北京,12,,1,19,100000,40.00,9,3,2017,B轮
电子商务,37778,7fd74b44ff3bdb335a9beedb9ddcb274.jpg,卖货郎,广东,145,,1,27,100000,40.00,2,2,2017,A轮
本地生活,81934,43d06191676f159465aae73a9e3a51ab.png,猩便利,上海,70,,1,11,--,40.00,6,11,2018,战略投资
体育运动,42720,028d680a28830cb0d1986c3b4543926a.jpg,英雄体育,天津,210,,1,13,--,40.00,3,3,2017,B轮
房产服务,1218,archive/1218.png,优客逸家,四川,38,,1,10,100000,40.00,5,4,2018,C轮
旅游,17722,9fdedbdae3385507bea8e8af3dfcc2d8.jpg,寰宇旅游,北京,57,,1,6,70000,40.00,11,4,2017,C轮
电子商务,1252,archive/1252.png,三只松鼠,安徽,145,,1,16,30000,40.00,9,5,2015,D轮
金融,25061,f29a7b216489913b6dac133c959c813c.png,迪蒙科技,广东,12,,1,11,50000,40.00,8,2,2015,A轮
金融,28655,1f568643484d33b19d1016434e199ab4.jpg,大数金融,广东,12,,1,7,80000,40.00,7,4,2017,C轮
企业服务,1909,ec66c646f261fb68e295a08b51398f91.png,思必驰,江苏,126,,1,26,50000,40.00,6,5,2018,D轮
体育运动,11782,archive/11782.png,虎扑体育,上海,210,,1,12,61800,40.00,1,6,2018,E轮
企业服务,32164,5b319959382ce4f466f19aea1873cd66.png,明略数据,北京,126,,1,31,100000,40.00,10,4,2017,C轮
金融,6979,archive/6979.png,付融宝,江苏,12,,1,5,80000,40.00,7,3,2018,B轮
文化娱乐,11566,298254539f21a199dc5545bc432df9cf.PNG,米粒影业Mili Pictures,江苏,115,,1,20,--,40.00,5,4,2016,C轮
医疗健康,25126,20430b77dd5d1259d9e54562136910d1.png,亚盛医药,江苏,47,,1,18,100000,40.00,7,4,2018,C轮
本地生活,2234,f8debc3ca4881c3ccd05e1523fc7b5e0.jpg,美味不用等,上海,70,,1,11,40000,40.00,5,5,2018,D轮
金融,58408,486581a1b8ce5d7eaa4e6a75618910bb.png,趣彩网,广东,12,,2,19,5000,39.00,1,3,2017,B轮
房产服务,28825,80fff70806e68aec86d9c11f8542591d.png,梦想加,北京,38,,2,13,12000,39.00,8,4,2018,C轮
汽车交通,67036,f3a351a04ae6eb68665551dd6c8fbf12.jpg,Roadstar.ai,广东,28,,2,15,12800,39.00,5,2,2018,A轮
硬件,18706,cee1fd20f5b4530b4c351f62e6b2bfc8.png,小牛电动,北京,103,,2,1,--,39.00,1,3,2017,B轮
医疗健康,32163,d8e1798aa9d9cde603de56394cc0b302.png,健客,北京,47,,2,5,13000,39.00,9,3,2018,B轮
金融,27666,02e3c852a3f1fc9f67fe4378292f7e84.png,e代理,上海,12,,2,12,--,39.00,7,4,2018,C轮
教育,23410,2bcb1cdb11a80691d89637f1e7776f9e.png,作业盒子,北京,1,,2,1,10000,39.00,2,4,2018,C轮
硬件,15133,661ee5844cdafc2775452f39638e46b9.png,小鱼在家,北京,103,,2,15,8000,39.00,5,19,2018,C+轮
电子商务,17910,3516f98c27bee26c886e2f6d1a819246.jpg,找油网,上海,145,,2,1,15000,39.00,8,19,2018,C+轮
电子商务,5743,bc74b032564cbc6f26e6214207de61ae.png,美乐乐家居网,天津,145,,2,9,1280,38.35,10,11,2017,战略投资
硬件,23240,b0f56f304388d7dacb8034a37f0d2dd4.jpg,暴风TV,广东,103,,1,7,80000,38.00,12,11,2017,战略投资
电子商务,49177,ae1c3a95e7fc95c993025b3baebee949.png,云集微店,浙江,145,,2,23,12000,37.70,4,3,2018,B轮
物流,55044,fad23451e61b3c2c8ab6f7b89db193bd.png,中铁物流,北京,211,,1,8,100000,37.50,4,11,2018,战略投资
硬件,23450,de1b6cf8248b95d7e9bb0fe52e727ed5.jpeg,Rokid,浙江,103,,2,18,10000,37.05,1,4,2018,C轮
金融,83804,c2843bbac81075e76871f6b08aacc748.png,TNG Wallet,香港,12,,2,11,11500,36.73,9,2,2017,A轮
汽车交通,33148,9e20a767c687f6f1e093d15df10cce2c.png,图森未来,北京,28,,2,21,5500,35.75,11,4,2017,C轮
医疗健康,25638,555284180b51b00682b96ce76e6c7e58.jpg,Annoroad安诺优达,北京,47,,1,2,70000,35.00,11,4,2017,C轮
本地生活,12143,8c9315b2f27db02915f1d320e8821f5b.jpg,e袋洗,北京,70,,1,28,--,35.00,11,16,2016,B+轮
金融,1786,b79bc2a6ec114de3e4e991aa6a8f19cb.jpg,36氪集团,北京,12,,1,13,--,35.00,12,11,2016,战略投资
硬件,15021,07419fec3dfaf553fdadd76bf28f09ec.png,图灵机器人,北京,103,,1,29,35000,35.00,6,16,2018,B+轮
金融,42475,962971633cb5cd163c27cafbb6484f70.jpg,邦盛科技,浙江,12,,1,1,15000,35.00,12,4,2017,C轮
医疗健康,54892,32d850785280a7d2afbaff8df653c473.png,嘉和生物药业,上海,47,,1,22,37000,34.70,6,11,2018,战略投资
医疗健康,32236346,3e86cb0f25973265f2ef26c619a274a3.png,科信美德,北京,47,,1,20,20000,34.50,11,2,2017,A轮
电子商务,71450,f7b24798925366be40ad135263d8d376.png,震坤行工业超市,上海,145,,2,28,12900,33.80,8,4,2018,C轮
体育运动,33074939,5b939c6aae0b0094206042c708698742.png,爱奇艺体育,北京,210,,1,4,35000,33.50,9,14,2018,A+轮
医疗健康,29543,da7a024e6378599aaa17883f28b96ae0.jpg,3DMed思路迪,上海,47,,1,23,67000,33.50,11,6,2017,E轮
工具软件,32448,dc760186b40e9e2653169fcab80a7882.png,摩比神奇360 Security,北京,161,,2,19,10000,33.15,2,3,2016,B轮
金融,18266,186cf4b8ea7d9419adb359a0d4588177.jpg,嘉楠耘智Canaan,北京,12,,1,3,30000,33.00,5,2,2017,A轮
企业服务,35648,9d987cd96f5de8d75999cbb4bc3c49fd.png,中译语通,北京,126,,1,21,33400,33.00,12,4,2017,C轮
物流,14345,archive/14345.png,宅急送,北京,211,,1,1,50000,33.00,10,2,2014,A轮
金融,3379,dfd6355f9ebe13ed636c38eb16819b66.jpg,意时网,上海,12,,1,20,--,33.00,1,4,2016,C轮
房产服务,9966,55d471f0372471c3357153ba2d444941.png,酷家乐,浙江,38,,2,9,10000,32.50,3,5,2018,D轮
体育运动,10335,d315bbb37545f8502060bedc4021b6f5.png,昆仑决,北京,210,,2,3,--,32.50,5,16,2017,B+轮
社交网络,241,1c6ae551d1137179bc3d2d69993136ca.png,Blued,北京,135,,2,2,10000,32.50,2,5,2018,D轮
教育,5750,7e4393adb534c81c63fe7101c053cf37.png,小站教育,上海,1,,2,7,8400,32.50,12,4,2015,C轮
企业服务,2394,archive/2394.png,容联云通讯,北京,126,,2,1,3000,32.50,3,19,2018,C+轮
电子商务,14177,0d95c029fbaacc2bf3fc9b8c8aeda02b.jpg,5miles,北京,145,,2,27,--,32.50,8,11,2018,战略投资
电子商务,19339,b98c5edc745e7dab213e6088d08e5553.jpg,丽人丽妆,上海,145,,2,3,10000,32.50,4,3,2015,B轮
医疗健康,33534,9c77a402bfc79e27bb571b1a8df9c27f.png,启明医疗,浙江,47,,2,16,--,32.50,5,11,2018,战略投资
房产服务,54842,d6107da0333e179557316b909042eac1.jpg,Atour亚朵酒店,上海,38,,2,23,10000,32.50,12,4,2016,C轮
企业服务,29408,56825994e87b30493214c6c14dae401a.png,斗米,北京,126,,2,19,4000,32.50,10,3,2016,B轮
企业服务,19694,cd2aada34270c8be4a299ea2f949be50.jpg,易点租,北京,126,,2,16,6000,32.50,10,5,2018,D轮
电子商务,30334,13bafb25c428268a5145be4e662614f3.jpg,海拍客,浙江,145,,2,28,5000,32.50,2,4,2018,C轮
硬件,35254,7da0b23363c9b99b2350a4ef9d66d6e1.jpg,达闼科技CloudMinds,广东,103,,2,18,10000,32.50,2,2,2017,A轮
旅游,22868,3aa81e2e88c971cf846c6de9459a8177.png,皇包车,北京,57,,2,1,5000,32.50,3,4,2018,C轮
金融,19802235,1931828f780d3dc46e38defa1e6dfc05.png,小黑鱼科技,江苏,12,,2,22,5000,32.50,8,14,2018,A+轮
医疗健康,32193,054b95246935b5f8fb8f3337ee5fdda7.png,天演药业,江苏,47,,2,27,5000,32.50,3,4,2018,C轮
医疗健康,32501582,4aec93bf0e7b47a533f24913d16ac934.png,和铂医药,上海,47,,2,27,8500,32.50,8,3,2018,B轮
文化娱乐,61160,1db3451f904b606a71a787a063fccdfa.jpg,Live.me,北京,115,,2,8,5000,32.50,11,3,2017,B轮
房产服务,42608,34691aa9b5d0c11d5b7ed087771f0182.png,蛋壳公寓,北京,38,,2,6,7000,32.50,6,16,2018,B+轮
硬件,15619476,d5f03cce1406125f67bae922fc0d61f1.png,翱捷科技ASR,上海,103,,2,13,10000,32.50,7,3,2018,B轮
文化娱乐,19070,6631937948a79a895aa365988c84a46b.jpg,一条视频,上海,115,,2,22,--,32.50,1,19,2018,C+轮
文化娱乐,59232,b087e8c909fcd1b7b9ef563d95d73a1d.png,BIGO LIVE百果园网络,广东,115,,2,5,27000,32.50,6,5,2018,D轮
汽车交通,45129,017aa68609aa39caf0dd44c73c006e56.jpg,卖好车,浙江,28,,2,13,5000,32.50,3,16,2018,B+轮
教育,725,ff53cc3c7d3025caea5ff57f71db76d1.png,厦门神州鹰,福建,1,,1,7,--,32.00,7,19,2018,C+轮
物流,41258,9376dc4f39a4cca9896cefc7549c17d0.png,优速快递,上海,211,,1,20,--,32.00,4,3,2018,B轮
金融,960,bc6c49beb2786b16692a7fc27692bc72.png,雪球,北京,12,,2,16,12000,31.20,7,5,2018,D轮
教育,16872,d3fab643144080d8e406e7901bc42d6a.png,华渔教育,福建,1,,2,7,5250,30.55,1,2,2015,A轮
本地生活,20075683,dcf8e0e7be79b82af61c1aebf8d66b4a.png,乐城,安徽,70,,1,10,30000,30.00,8,3,2018,B轮
旅游,10954,archive/10954.png,真旅网,上海,57,,1,22,60000,30.00,3,4,2016,C轮
汽车交通,20334,8df3525fc4b53b6f2aab588fea3ab02d.png,图吧,北京,28,,1,11,67000,30.00,9,11,2018,战略投资
物流,10216,archive/10216.png,卡行天下,上海,211,,1,16,--,30.00,12,5,2016,D轮
企业服务,17243,d607276a5b67af94941ac8c07f40f8b1.png,Video++,上海,126,,1,11,72100,30.00,9,19,2018,C+轮
医疗健康,8060033,b535f7d18e5e0fc6a57a7d40fe3437b6.png,玉溪沃森生物,云南,47,,1,17,60000,30.00,10,11,2017,战略投资
文化娱乐,26018,67fb7ccdf52589ef549773d209375f24.jpg,柠萌影业,上海,115,,1,9,--,30.00,3,4,2018,C轮
金融,31802,517ae149544629a64ca155178ef85176.png,PingPong金融,浙江,12,,1,18,--,30.00,9,4,2018,C轮
医疗健康,22949,b62030268a003b91bf9b323bca3eee8f.jpg,叮当快药,北京,47,,1,19,--,30.00,1,3,2018,B轮
医疗健康,74532,40ed1c7bad40900ff6e21e979f5854dc.png,碧莲盛,北京,47,,1,9,50000,30.00,1,11,2018,战略投资
体育运动,26518,03740927d88eb4dd9ac37cf0052ac213.jpg,宏远时代,黑龙江,210,,1,16,30000,30.00,10,2,2016,A轮
汽车交通,32125,29f293549df8ddf5950bf8a574514e70.jpg,中驰车福,北京,28,,1,22,--,30.00,6,4,2018,C轮
汽车交通,61131,4f99323c20075a8e67b16a448d094328.jpg,行圆汽车,北京,28,,1,5,50000,30.00,3,2,2018,A轮
企业服务,24628,cb32dd64327ca54bc33e75f12c53ec03.png,理才网,广东,126,,1,18,60000,30.00,10,3,2016,B轮
本地生活,18614,252e4d517ab904af9c2bd2d78b3e9a18.jpg,俺来也,上海,70,,1,28,12000,30.00,12,16,2017,B+轮
电子商务,25174,7398d67fd8ab6045627b02ed9a4ada77.png,五洲会海购,广东,145,,1,3,157000,30.00,12,3,2015,B轮
本地生活,10601,97dfcb1a332d2fbcfd5960e5cda2ae89.png,河狸家美甲,北京,70,,1,11,30000,30.00,5,5,2017,D轮
文化娱乐,28342,8c337f4e5fe8bd6d2559e5a6c77666ef.jpg,丝芭传媒SNH48,上海,115,,1,9,--,30.00,5,4,2017,C轮
房产服务,17581,fc773d879ea6bce2b0f3735e3508c878.jpg,房司令,江苏,38,,1,20,51500,30.00,1,7,2018,F轮-上市前
本地生活,17614,eb673e4a8a8e574136b8724441307b41.jpg,Today便利店,湖北,70,,1,1,30000,30.00,6,16,2018,B+轮
旅游,6469,archive/6469.png,八爪鱼在线旅游,江苏,57,,1,8,60000,30.00,4,4,2018,C轮
医疗健康,35976,6011b483317704bbea51beac682d75e8.png,推想科技,北京,47,,1,19,30000,30.00,3,4,2018,C轮
电子商务,14352,archive/14352.png,九块邮,湖北,145,,1,13,60000,30.00,4,4,2016,C轮
硬件,9366,e0e035325e289d43770a8806b254442c.png,极米科技,四川,103,,1,12,60000,30.00,3,11,2018,战略投资
汽车交通,14779,29da7d0488a1d3775c4d7f7cd902d2fe.jpg,车猫二手车,浙江,28,,1,21,120000,30.00,8,3,2015,B轮
游戏,3906,archive/3906.png,墨麟股份,广东,80,,1,20,--,30.00,1,4,2016,C轮
金融,33434,ad194a2c2842791152673ae1bc0a3696.png,知牛财经,广东,12,,1,22,100000,30.00,3,11,2016,战略投资
金融,21005,46522aa76aced4d6a9d083dfe4d116ef.png,买单侠,上海,12,,1,28,50000,30.00,3,11,2017,战略投资
医疗健康,35076,48512cdbef58d7a4b7d21f9ffd3992ee.png,海普洛斯,广东,47,,1,28,--,30.00,6,3,2018,B轮
硬件,14566,0608c5fc8687e3dd0fd40b343687e271.png,华捷艾米,江苏,103,,1,13,50000,30.00,3,3,2018,B轮
医疗健康,33850,2c4ef07a369faa8c9e108b33b6a1e87d.jpg,药师帮,广东,47,,1,14,42000,30.00,6,4,2018,C轮
旅游,2005,archive/2005.png,穷游网,北京,57,,2,5,5700,29.90,1,5,2016,D轮
电子商务,20596922,43936efac8c773d2cabb3d57427a0c5b.png,享物说,上海,145,,2,1,6500,29.25,8,16,2018,B+轮
医疗健康,53680,bfe88b5a88643ebaa76175ec695b9b91.png,山东立健,山东,47,,1,15,58000,29.00,11,11,2016,战略投资
企业服务,24217,f440b0374fe76a4e0b2d647e40c01ee9.png,兑吧,浙江,126,,2,22,11000,28.60,8,4,2018,C轮
医疗健康,3302,archive/3302.png,东软熙康网,北京,47,,2,2,6400,28.00,8,3,2016,B轮
汽车交通,53804,fb5b5bf5d75524905bc30a1dbee6925c.jpg,大圣车服,广东,28,,1,6,55000,27.50,11,11,2017,战略投资
医疗健康,24473,cdea39f91f07103a9d03abf0585197ef.png,人和未来,北京,47,,1,26,25000,27.50,7,2,2017,A轮
硬件,10553,fd4eef908113d5778e48f95b8abc083d.jpg,亿航智能,广东,103,,2,24,4200,27.30,8,3,2015,B轮
本地生活,2878,archive/2878.jpg,波奇网,上海,70,,1,22,--,27.00,8,5,2017,D轮
汽车交通,9935,afbe7edacdd95c8a3109c3bdd5800184.png,惠开车i保养,上海,28,,1,6,26000,26.00,11,14,2017,A+轮
教育,24770,2363ac9938263ee06804a96ee88b5d46.png,兰迪少儿英语,浙江,1,,1,19,52000,26.00,6,4,2018,C轮
医疗健康,818,archive/818.png,咕咚网,四川,47,,2,9,2000,26.00,2,19,2018,C+轮
电子商务,23579,42426b2302e378ab931847fee8aeff9d.jpg,西域机电,上海,145,,2,3,10000,26.00,12,5,2017,D轮
电子商务,27521,e85866878a772b6e5333f82dd73b8378.png,衣二三,北京,145,,2,7,--,26.00,9,11,2018,战略投资
体育运动,17389,a49654e83ca3325ad89cb44a1a44b74f.jpg,SECA盛力世家,上海,210,,2,21,10000,26.00,1,4,2016,C轮
医疗健康,15546978,086f60cc55390d8b0ff06ac6943c0801.png,EOC Pharma Group,上海,47,,2,8,3200,26.00,11,3,2017,B轮
企业服务,13226,64c2cb63f97a5ec2f1354c5395e7e5bf.png,Patsnap智慧芽,江苏,126,,2,10,--,26.00,10,20,2018,D+轮
企业服务,48534,6367596907f37acd748311cfd2a80f74.png,联璧电子,上海,126,,2,26,8000,26.00,5,3,2016,B轮
金融,30624,f342e6f551aebb237eaa06f3a8d59949.jpg,凤凰金融,北京,12,,2,12,8000,26.00,12,2,2015,A轮
医疗健康,54591,4fbb9f95345a42a8b3dfcd42f021c70c.png,一脉阳光,广东,47,,1,18,13000,26.00,9,16,2018,B+轮
医疗健康,32669326,60343f2681fa50d86f0e74e54d90e548.png,药明巨诺,上海,47,,2,8,9000,25.35,3,2,2018,A轮
电子商务,15681,0d86baf22869efc53b1d0ad9fe828a3f.png,大易有塑,广东,145,,2,16,--,25.03,8,19,2018,C+轮
硬件,22077,59324a8e122cae4aed0e4af22aed2ab8.png,深之蓝,天津,103,,1,11,25000,25.00,7,3,2018,B轮
旅游,2549,090f767618b35dc7dae9d89d02c2d399.png,要出发周边游,广东,57,,1,18,55000,25.00,4,5,2016,D轮
医疗健康,2485452,c8dbf30bfbe05b6e85db30af5e636a5f.png,Bellen,北京,47,,1,27,--,25.00,9,4,2018,C轮
电子商务,7821,4fe5b6df61fd947a456a9af7cfb968f5.png,Molbase,上海,145,,1,9,50000,25.00,5,5,2017,D轮
企业服务,110,0fcc9677b5c4aa04dc9c9247c555c789.png,梆梆安全Bangcle,北京,126,,1,21,50000,25.00,9,5,2016,D轮
文化娱乐,64288,59729737408df74da77c0ccb6d9a095f.png,兴格传媒,上海,115,,1,13,50000,25.00,6,3,2017,B轮
电子商务,807,archive/807.png,天天果园,上海,145,,1,8,10000,25.00,8,20,2016,D+轮
电子商务,66929,0fb0289c5ca3fc503aa1b8526a78bbd7.jpg,深兰科技,上海,145,,1,25,30000,25.00,4,3,2018,B轮
企业服务,34864,07aca2aafb08c7d834027e1c68219ec1.jpg,特斯联科技,北京,126,,1,4,50000,25.00,7,14,2017,A+轮
汽车交通,62746,fb8d797db7a873e4dc6b4d525c8ffde1.jpg,六点整北斗,湖北,28,,1,28,--,25.00,7,12,2017,Pre-A轮
文化娱乐,31915,80262a8db0a3d5517236195f9129f155.png,全民直播,上海,115,,1,28,50000,25.00,9,2,2016,A轮
汽车交通,43118,0206c5ac7ec4dcc7d1d01b5c6a68bfe0.png,车通云,上海,28,,1,27,50000,25.00,4,4,2018,C轮
硬件,1000,bfa5fd5d1fe75a352767f15c007c6955.png,Makeblock,广东,103,,1,30,30000,25.00,8,4,2018,C轮
教育,26004,278462a52c3fe010f6bd0b8feff99c4f.jpg,广州中星集团,广东,1,,1,7,50000,25.00,11,2,2016,A轮
汽车交通,27395,5bca11d84095a90fc9782d65f78c559d.jpg,滚雷进口车,北京,28,,1,19,50000,25.00,1,11,2018,战略投资
电子商务,29371,002758b343918db2b01dd30bc0b6150a.png,爆款易Club Factory,浙江,145,,2,11,10000,25.00,2,4,2018,C轮
本地生活,27459,069d02fdba193f4e39958f0c93acfe2d.png,平安WiFi,广东,70,,1,2,55000,25.00,3,11,2017,战略投资
医疗健康,10590977,72d82b21d967d3aa096130021c1991a5.png,致新医疗,北京,47,,1,29,25000,25.00,1,2,2018,A轮
汽车交通,12623036,9ef2e898a5d10867b9e519a61998a28b.jpg,博郡汽车,江苏,28,,1,29,--,25.00,8,11,2018,战略投资
文化娱乐,13684,a4d85a17437cd5d58912b37cedf62e78.png,新乐视文娱,北京,115,,1,25,53160,24.37,9,11,2018,战略投资
教育,29227,eb8d4fd51c88580c1156f9f19d3d4ced.png,松鼠AI智适应教育,上海,1,,1,4,60000,24.00,7,2,2018,A轮
企业服务,34108,f313861c91c6fde27c5b73cea258072c.png,XSKY星辰天合,北京,126,,1,27,24000,24.00,4,4,2018,C轮
医疗健康,34446,3525c5dca0c520a489835423378c5ed1.png,华领医药,上海,47,,2,27,11740,24.00,3,6,2018,E轮
企业服务,4763,archive/4763.jpg,App Annie,北京,126,,2,15,6300,24.00,1,6,2016,E轮
企业服务,26872,07e931bcd6ac88cee6ac4148d35fe534.jpg,慧算账,北京,126,,1,26,--,24.00,9,4,2018,C轮
金融,27143,1f2a31167a56e7f4f3ee03d8b943d87d.png,美利金融,北京,12,,2,8,3788,24.00,4,16,2018,B+轮
医疗健康,46303,5d3bcf2dec28a7495fb572afe47b3a98.jpg,联合丽格,北京,47,,1,18,40000,24.00,9,4,2018,C轮
游戏,17962,f9564b033b6340d922db48aeda302132.jpg,海马玩,北京,80,,1,27,36000,24.00,7,4,2017,C轮
企业服务,6990,archive/6990.png,星环科技TransWarp,上海,126,,1,4,23500,23.50,5,4,2017,C轮
游戏,30317,9cc329a6b25955e205bb658ba085877e.png,触手TV,浙江,80,,2,5,12000,23.40,1,20,2018,D+轮
电子商务,24655707,06241540739406e917c1c851797624ce.png,爱库存,上海,145,,1,2,58000,23.20,7,3,2018,B轮
教育,1032,archive/1032.png,爱乐奇,上海,1,,2,19,3750,23.00,11,5,2017,D轮
企业服务,2439,d42367acc87283a696cae340c6da9100.jpg,百分点科技,北京,126,,1,8,40000,23.00,9,5,2015,D轮
电子商务,32417,634b76e646b135442ff72723b29fa9a5.png,豌豆公主,北京,145,,2,22,6800,22.80,11,4,2017,C轮
社交网络,14022,b5de6e9d92d171b94a7aaf82c4977422.jpg,探探,北京,135,,2,8,7000,22.75,6,5,2017,D轮
游戏,16221,bbbd435e232eab8863bcb0ab0def8a2e.jpg,KK直播,浙江,80,,2,1,7000,22.75,1,3,2014,B轮
硬件,67607,804e01a101a6a86e871e565baf875377.png,雷鸟科技,广东,103,,1,2,30000,22.50,5,11,2018,战略投资
硬件,35778,a8aad4d573bf23159a6afbe41e62ae03.png,海博思创,北京,103,,1,19,44500,22.50,2,3,2016,B轮
医疗健康,43852,3741013934678de73d91124bc74dfe98.png,欢乐口腔,北京,47,,1,3,45000,22.50,6,3,2018,B轮
医疗健康,56717,5c25ec7efbe6fb9f5c9e3e8873c519ba.png,康希诺,天津,47,,1,19,45000,22.50,4,4,2017,C轮
本地生活,30668522,cf0557519d0e7435683bbc075a64f796.png,瑞派宠物,天津,70,,1,3,15000,22.00,8,16,2018,B+轮
电子商务,14418,c2a298b2e4539b240a40f57511ed926f.png,闪电购,浙江,145,,1,9,26700,22.00,8,4,2016,C轮
企业服务,23075,8a5593215be1d74b427a5c4168a680ed.png,Hillstone山石网科,北京,126,,1,13,--,22.00,4,6,2016,E轮
硬件,25977,19f01027530d51d91414cf65efb9778e.jpg,Yuneec昊翔,上海,103,,2,27,6000,22.00,8,2,2015,A轮
企业服务,7994,0eb61e64f2a34ca6a3425bfdfb002a2f.png,EasyStack,北京,126,,1,7,--,22.00,8,19,2018,C+轮
金融,29364,1267d97ec4512bd70d5a0eae1012119d.jpg,爱财集团,浙江,12,,1,28,22000,22.00,4,4,2017,C轮
医疗健康,82572,67dd8c17bb9700c7f9644deb09662bb7.png,长风药业,江苏,47,,1,28,44000,22.00,8,5,2017,D轮
汽车交通,18006,f16d78c2bdaa5cce94938c8914c41a01.png,悟空租车,北京,28,,1,17,46500,21.50,7,3,2017,B轮
本地生活,15461,a5d775c3ebbc7623f5d9a695eb4827f5.PNG,网鱼网咖,上海,70,,1,26,21000,21.00,1,5,2017,D轮
医疗健康,56295,b6231c7e48bf9d7f994d20ec3ec18d75.png,闻泰医疗,上海,47,,1,24,--,21.00,8,16,2017,B+轮
金融,9079,archive/9079.png,鑫合汇,浙江,12,,1,15,71000,21.00,12,3,2016,B轮
医疗健康,32767534,8b881cb78c866a3e462fdde551c18f6a.png,百奥赛图,北京,47,,1,10,41000,20.50,4,4,2018,C轮
企业服务,3173,f02e25f73a03aef712253e0972d9cbca.png,销售易CRM,北京,126,,1,2,10000,20.00,4,20,2018,D+轮
硬件,35740,f54edeb9691334956919687437337e73.jpg,蜂联科技,广东,103,,1,3,30000,20.00,6,3,2016,B轮
金融,11190,0900e60a3b9c98cea0ac288712ae89a4.png,懒财金服,北京,12,,1,11,50000,20.00,7,19,2018,C+轮
金融,81138,a53a6ca1957dbdb33ed9ea24c6ce1969.png,民生易贷,广东,12,,1,16,40000,20.00,8,2,2017,A轮
硬件,5442,e801ed54fb671b266884c039cfc13fad.png,坚果投影,广东,103,,1,16,60000,20.00,3,4,2016,C轮
汽车交通,58089,65fb4178ff9d014905c40f3bbba1febb.png,迈迈车,上海,28,,1,13,--,20.00,6,14,2018,A+轮
本地生活,6952,archive/6952.png,8天在线,江苏,70,,1,24,--,20.00,8,4,2016,C轮
文化娱乐,267,archive/267.png,暴走漫画,陕西,115,,1,1,--,20.00,8,5,2017,D轮
本地生活,26561,79f840fa86e43bf2f7718602fda82e78.jpg,inWE因味茶,北京,70,,1,14,50000,20.00,7,2,2016,A轮
房产服务,66765,6dcaf872ebe152f66820e6181ffc4608.png,米域网络,上海,38,,1,28,40000,20.00,3,3,2018,B轮
房产服务,32020,477bd3afef62330acda9cd740b161aac.png,纳什空间,北京,38,,1,5,--,20.00,6,16,2018,B+轮
房产服务,2004699,31ccaeebae99984859c3ca295edd2e51.png,湾流国际,上海,38,,1,20,40000,20.00,9,2,2017,A轮
金融,11224,archive/11224.png,牛股王,北京,12,,2,1,--,20.00,9,4,2015,C轮
企业服务,765,com_logo_archive/765.png,杭州安存网络,浙江,126,,1,31,20000,20.00,10,14,2016,A+轮
文化娱乐,26873,5a51b052c8a7194e937ab67a4c3c62e6.jpg,米未传媒《奇葩说》,北京,115,,1,24,--,20.00,2,2,2016,A轮
物流,44499,bfe1645f9f44313e520813d743cfb669.png,壹米滴答,上海,211,,1,23,50000,20.00,4,4,2018,C轮
硬件,31617,08470946035edff20f746219862f9980.png,零壹空间OneSpace,北京,103,,1,12,30000,20.00,8,3,2018,B轮
文化娱乐,25024,3a22a1d24e1ec144752ab0152aaba195.jpg,读客图书,上海,115,,1,23,12800,20.00,6,2,2017,A轮
医疗健康,82430,b7b54a8711023fe3493f4dc2844f8465.png,劲松口腔,北京,47,,1,25,20000,20.00,8,11,2017,战略投资
企业服务,25023,4d43e10fa3045f2cd124627a6c67a0d9.png,HROFIRST派接单平台,上海,126,,1,18,20000,20.00,7,4,2016,C轮
企业服务,122,e3c8335d598bf8520b1e9fee4b2a2707.jpg,格灵深瞳,北京,126,,1,4,--,20.00,7,3,2017,B轮
企业服务,860,9a799398afa32ed1a7bb1887a44f11ea.png,红芯Redcore,北京,126,,1,15,25000,20.00,8,4,2018,C轮
教育,20676,6ff2f3e4d20c1c63ef4b40487eefb0f8.png,编程猫,广东,1,,1,25,30000,20.00,5,4,2018,C轮
工具软件,41256,4c243c113b6da9856137d7ae14a16b6e.png,360安全路由,北京,161,,1,15,30000,20.00,6,3,2016,B轮
企业服务,3980,0f69ea02d58a6683f51d854dfd474137.png,知道创宇,北京,126,,1,13,60000,20.00,5,4,2015,C轮
游戏,56241,82531838035ae5b1dda9f566707d48f5.png,炫踪网络,上海,80,,1,16,40000,20.00,2,3,2017,B轮
本地生活,28115,86e2813818c1a6225b54fba9c74754ae.png,奥琦玮,北京,70,,1,28,20000,20.00,3,4,2018,C轮
文化娱乐,27195,89d18875d7ff613b5a827f6d2d720326.jpg,优朋普乐,北京,115,,1,22,52800,20.00,9,5,2015,D轮
文化娱乐,21348,7584e8b8ab0a3b7b2c165487ebfc6561.jpg,若森数字,北京,115,,1,21,--,20.00,1,3,2017,B轮
文化娱乐,40843,1e3d702961ca8acd76784ee381d96955.jpg,吴晓波频道巴九灵文化,上海,115,,1,3,16000,20.00,1,2,2017,A轮
硬件,33008328,54ccf06d4b45bdcbdd281ae8dcad1add.png,德尔玛电器,广东,103,,1,25,50000,20.00,6,11,2018,战略投资
游戏,39742,849ce066f4d4c1e67be8b3a3a607d6d0.png,TapTap易玩网络,上海,80,,1,12,20000,20.00,5,11,2017,战略投资
体育运动,49948,e73895c1700cf4f26cb06470d7e657db.png,君子好球高尔夫,上海,210,,1,5,50000,20.00,1,1,2016,天使轮
金融,24303,c8f9b19a3b025b24ff679eedd95eb247.png,会分期,北京,12,,1,5,--,20.00,7,5,2018,D轮
游戏,4566,archive/4566.png,乐元素,北京,80,,1,4,--,20.00,5,4,2016,C轮
金融,14068,archive/14068.png,黄金钱包,北京,12,,1,9,20000,20.00,5,4,2017,C轮
医疗健康,300,archive/300.png,大姨妈,北京,47,,1,12,--,20.00,7,7,2017,F轮-上市前
企业服务,901,054be56eeac72998e10d0f7ec9b1438e.jpg,Testin云测网络,北京,126,,2,24,3000,20.00,8,4,2016,C轮
本地生活,60470,23245882f3bc22d450d85c2a784c10d4.png,充充,北京,70,,1,19,50000,20.00,8,2,2017,A轮
医疗健康,52527,1a58d90624df4e6711db3699201ae020.png,好络维医疗,浙江,47,,1,12,20000,20.00,5,4,2014,C轮
教育,7767,archive/7767.png,盒子鱼英语,北京,1,,1,12,--,20.00,4,4,2018,C轮
电子商务,25313423,302ed7ada8300b3e6729dba50f16346e.png,幸福西饼,广东,145,,1,24,40000,20.00,7,16,2018,B+轮
游戏,29785,0a2d366891c28fe77509778225e29be0.jpg,网竞科技,浙江,80,,1,9,20000,20.00,2,14,2018,A+轮
物流,54716,42a6f652eddb9b48d33b203055f6c4d3.png,驹马物流,四川,211,,1,11,--,20.00,2,16,2018,B+轮
汽车交通,54621,1a190735967caccfe296cabb6ac40c7c.png,开云汽车PICKMAN,北京,28,,1,20,--,20.00,12,12,2016,Pre-A轮
医疗健康,7757897,3befc778f65667f4a2abedf32d125bc8.png,泽璟制药,江苏,47,,1,15,40000,20.00,1,3,2018,B轮
文化娱乐,73193,137f2762a96343bc82c1f9d983727f75.png,东阳曼荼罗影视,浙江,115,,1,14,20000,20.00,7,2,2017,A轮
文化娱乐,30238,4cfd59759c28c992b8a3d9076b83d1ac.jpg,亭东影业,上海,115,,1,19,31000,20.00,10,11,2017,战略投资
汽车交通,16522,d332500ec923dc1601e0ea6d4db3d563.png,有车以后,广东,28,,1,21,--,20.00,8,5,2018,D轮
汽车交通,28014,c98bb175d53dd2d29bdd51c7cc87fede.jpg,TOGO途歌,北京,28,,2,8,1000,19.50,10,16,2018,B+轮
企业服务,303,1d8a003da6f2952e72747cad862a9a7a.png,GEO集奥聚合,北京,126,,2,15,--,19.50,4,3,2014,B轮
汽车交通,2667,archive/2667.jpg,车王二手车,上海,28,,2,15,10000,19.50,12,5,2014,D轮
教育,12621,e02cdf202438c8c1163662b0181aa8f4.png,哒哒英语,上海,1,,2,8,10000,19.50,1,4,2018,C轮
汽车交通,22703,96a4ca50d45512e1381ea2f0e8f4afce.jpg,康众汽车配件,江苏,28,,2,4,5000,19.50,7,16,2017,B+轮
金融,8501,archive/8501.png,Sumscope森浦资讯,上海,12,,2,11,--,19.50,2,4,2017,C轮
本地生活,1796,archive/1796.png,豆果美食,北京,70,,2,18,2500,19.50,11,4,2014,C轮
汽车交通,44799,0f1008baabe599d959e9954aad290e9c.png,U-bicycle,上海,28,,2,14,--,19.50,9,3,2017,B轮
企业服务,14583,7504f146c1d02d446a1665065af9eb15.png,慧联无限EasyLinkIn,湖北,126,,1,7,23000,19.00,6,16,2018,B+轮
硬件,60026,497134165bd2b13742415d220865f173.png,小电,浙江,103,,1,22,--,19.00,3,16,2018,B+轮
硬件,28096,09858955ee9e1fd14d48595de8cb87a5.png,乐融致新,天津,103,,1,25,13100,18.70,9,11,2018,战略投资
物流,429,archive/429.png,发网FineEx,上海,211,,1,22,37000,18.50,5,4,2018,C轮
文化娱乐,8424,488faabc2c3cb71129eb58f00606bd98.png,AcFun,广东,115,,1,21,25000,18.50,11,3,2016,B轮
医疗健康,32608174,8bfd3baffa19aaa58ed85118ccf5ed45.png,诺诚健华,北京,47,,2,8,5500,18.20,2,2,2018,A轮
医疗健康,16197,1a97944e42909b464983952cb01bfcf7.jpg,轻松筹,北京,47,,2,12,2800,18.20,5,4,2017,C轮
企业服务,16426,d1ad0ff44c66c6d33369f82ef638074d.png,Boss直聘,北京,126,,2,22,2800,18.00,9,4,2016,C轮
医疗健康,12935,ca1d693fc93c048d63be9b3f621219cb.jpg,趣医网,上海,47,,1,25,21600,18.00,8,16,2016,B+轮
文化娱乐,20598,ff061e42cea0ed7f9e0a077985bec279.jpg,工夫影业,浙江,115,,1,15,27000,18.00,12,11,2016,战略投资
硬件,632,58aa690e819b9ac7ece40c8ee238240e.png,Noitom诺亦腾,北京,103,,2,25,--,18.00,1,4,2017,C轮
电子商务,11209,c35f0e12df5b557e6a8461e9f5ea57de.jpg,店商互联,北京,145,,1,25,35000,18.00,1,16,2018,B+轮
工具软件,27754,dd675139ad8a9d0fe0dd30102ecc92cc.jpg,Kika,北京,161,,1,8,22000,18.00,7,16,2016,B+轮
房产服务,17779,d39b658e62c3c3f6eddd644c29664176.jpg,网筑集团,浙江,38,,2,26,--,18.00,9,11,2017,战略投资
企业服务,703,archive/703.png,Everstring万维思源,北京,126,,2,14,6500,18.00,10,3,2015,B轮
企业服务,1413,com_logo_archive/1413.png,聚合数据,江苏,126,,1,9,36000,18.00,12,4,2016,C轮
教育,31059,38c3f86256709fbe887e88dcdb06dce0.png,考虫英语,北京,1,,2,5,5500,17.88,9,5,2018,D轮
硬件,33858,50232e21ba354cfb8f222a528cc9346b.png,roobo智能管家,北京,103,,1,6,35000,17.50,9,3,2017,B轮
企业服务,8401,b4efc4446a53fe9490e719901e92869b.png,又拍云,浙江,126,,1,8,--,17.50,12,11,2017,战略投资
企业服务,33261921,a43a9aba0013c455f9bebb0dfbd8b3d7.png,燧原科技,上海,126,,1,7,34000,17.00,8,12,2018,Pre-A轮
电子商务,6244,49853fb9ddddc435a0ffe10670274093.png,可得眼镜网,上海,145,,1,2,14600,17.00,8,4,2016,C轮
文化娱乐,1611,archive/1611.png,爱拍原创,广东,115,,1,8,--,17.00,6,5,2016,D轮
汽车交通,60087,e901254a759c5890d0afea5da147ad81.png,景驰科技,广东,28,,2,26,5200,16.90,9,12,2017,Pre-A轮
企业服务,13780,9d0ad5813f01748c73548610110eaa43.jpg,云智慧,北京,126,,2,22,2600,16.90,5,4,2017,C轮
金融,9372,archive/9372.png,理财范,北京,12,,1,24,33000,16.50,3,4,2016,C轮
汽车交通,53466,02e6b4d2732c8f10c78ad4d5ac143d88.png,易航智能,吉林,28,,1,29,22000,16.50,8,3,2018,B轮
医疗健康,73917,d0e490fac74e13455182852b23a6b36a.png,先导药物,四川,47,,1,28,25000,16.50,5,3,2018,B轮
汽车交通,7279,archive/7279.jpg,273二手车交易网,福建,28,,1,15,16500,16.50,7,4,2015,C轮
医疗健康,52498,c7e2685066c25c1985e90a0fdfe9871a.png,嘉和美康,北京,47,,1,22,33000,16.50,5,4,2017,C轮
硬件,13012,ddcd40283ee07bacc291b51b2eb14f01.png,越疆科技,广东,103,,1,28,10000,16.40,6,14,2018,A+轮
电子商务,18592,bd728106126ea12e199fd864e133e79b.jpg,铁甲二手机,北京,145,,2,25,5000,16.25,12,19,2017,C+轮
企业服务,60316,642517ee803bce444eee6580ae3e2799.jpg,PingCAP,北京,126,,2,12,5000,16.25,9,4,2018,C轮
教育,11783,archive/11783.jpg,跟谁学,北京,1,,2,30,5000,16.25,3,2,2015,A轮
房产服务,46258,25fb2da3ee1cee4efec2faed8c764e04.jpg,城家公寓,上海,38,,2,6,5000,16.25,7,12,2017,Pre-A轮
企业服务,16506,05ccf866eec27376a5e920f512c2ee35.png,海致BDP商业数据平台,北京,126,,2,2,3000,16.25,3,4,2016,C轮
电子商务,58989,98ecdf81508abb41324195bb3f30cb8f.png,有好东西,北京,145,,2,16,5000,16.25,7,16,2018,B+轮
电子商务,20960,6e62a242e596749a2f8d7d1cf32664d1.png,SEE小电铺,广东,145,,2,21,--,16.25,3,19,2018,C+轮
旅游,9329,archive/9329.png,我趣旅行,广东,57,,2,21,2500,16.25,3,16,2017,B+轮
本地生活,76732,9f8d295afc209c47d750826483ac22b2.png,果小美,四川,70,,2,13,--,16.25,6,19,2018,C+轮
本地生活,4608,archive/4608.png,E宠商城,重庆,70,,2,22,5000,16.25,7,3,2017,B轮
企业服务,45255,b2029b0222a995b0bb2af1510cf1ac49.png,指掌易科技,北京,126,,1,15,20000,16.00,10,3,2018,B轮
教育,15731,8a47cc7053b68b65305a5dc1c6c758b7.png,疯狂老师,上海,1,,1,16,12000,16.00,6,4,2016,C轮
房产服务,43144,e5b38d9910363e5523caf021650851af.png,德必,上海,38,,1,26,--,16.00,9,4,2018,C轮
汽车交通,28420,2db54f158141686fb3b9d2dc2e184882.jpg,开思汽配,广东,28,,1,23,25000,16.00,8,16,2018,B+轮
企业服务,2512,archive/2512.jpg,爱加密,北京,126,,1,17,--,16.00,1,5,2018,D轮
医疗健康,54826,3e2ab2be8a86720be368b6b3b78828a2.png,巨鼎医疗CLEAR柯丽尔,广东,47,,1,23,35100,16.00,12,16,2016,B+轮
游戏,55956,ae2a71865d353ede57218342dd816c70.png,雨墨科技,四川,80,,1,25,21708,16.00,1,11,2017,战略投资
房产服务,3625,35e0f5b32a4e853e34e5f34a9990b0a2.jpg,安美数字,北京,38,,1,13,5050,16.00,10,6,2016,E轮
电子商务,20087,0201bd1eecbbe22258fb3900ab066cc4.png,回收宝,广东,145,,1,6,--,16.00,9,4,2018,C轮
电子商务,21583,18c73cddd54c3f533547c9b87fa904a0.png,Patpat,广东,145,,1,18,30000,16.00,4,4,2018,C轮
医疗健康,43887,629ae2351356ea541331879e117e7bfd.png,吉因加,北京,47,,1,26,20000,16.00,8,2,2016,A轮
文化娱乐,29877,1c984952f1637c24c93ae6bbb4ddee4e.png,摩天轮票务,上海,115,,2,10,6000,15.60,7,4,2018,C轮
硬件,44687,fdfe4c0801f843b942a24b10c040188f.jpg,盛科网络,江苏,103,,1,21,31000,15.50,9,3,2016,B轮
教育,31576,66a7bc61945e87b10f226bac052a50a9.png,杰睿教育,北京,1,,1,23,13000,15.50,7,2,2018,A轮
电子商务,81533,b82a4ae78383ec33db123b8c8608f70a.jpg,铜师傅,浙江,145,,1,19,31000,15.50,8,3,2018,B轮
金融,60273,72a5f17717ff9454e902bf5c6169ea58.jpg,卡得万利,上海,12,,1,21,--,15.00,3,4,2018,C轮
医疗健康,28869,d9ce23ba6f404a65ada861e65045efd1.png,迈博斯生物,江苏,47,,1,10,25500,15.00,5,3,2018,B轮
教育,8960,archive/8960.jpg,悠游堂Yuyuto,上海,1,,1,25,4000,15.00,2,11,2016,战略投资
企业服务,31806,a7410f6a2404117d99c2e9e9ec10e8b3.jpg,鲁班软件,上海,126,,1,12,30000,15.00,1,2,2016,A轮
硬件,33548,4ff09b7bdd6cbdf71a9cb054f199a028.png,Geek+,北京,103,,2,13,6000,15.00,7,3,2017,B轮
医疗健康,58974,57ef3a6c4fae1d30a0596ad357c436fc.png,澳华内镜,上海,47,,1,29,30000,15.00,9,5,2018,D轮
电子商务,36025,847ea7503ae49a18fdec79994186533d.png,行云全球汇,广东,145,,1,9,30000,15.00,5,2,2018,A轮
医疗健康,32339,74119b423bd506f93d4d0d07fa4f88fb.png,树兰医疗,浙江,47,,1,1,30000,15.00,12,3,2016,B轮
电子商务,38965,78ddc1d0d91bbd5cdc593ac4db5e9dea.png,上蔬永辉,上海,145,,1,20,30000,15.00,12,3,2015,B轮
体育运动,33537,5c5c8173b4d08b57ea930e5a40aeef08.png,微赛体育,北京,210,,1,14,--,15.00,2,14,2018,A+轮
企业服务,17508,746d6484d134a3801647400a3810a0fe.jpg,码隆科技,广东,126,,1,13,--,15.00,8,11,2018,战略投资
本地生活,34124,f3d338e35b42d84cae4b6f2d39f97618.jpg,嗖嗖身边,北京,70,,1,21,30000,15.00,5,3,2018,B轮
汽车交通,5368,archive/5368.jpg,PP租车,北京,28,,2,16,--,15.00,9,4,2015,C轮
体育运动,26457,70dfc79f6f93eb3a48aae2c0e7d2149a.png,乐刻运动,浙江,210,,1,13,30000,15.00,10,4,2017,C轮
医疗健康,11321,archive/11321.png,心医国际,北京,47,,1,31,--,15.00,1,5,2018,D轮
硬件,26289,9f43dcc60eda3eed8942f36bdb2d49a4.png,伏特加共享充电宝,上海,103,,1,28,30000,15.00,11,2,2017,A轮
电子商务,33628,d83b75e53b872d77925ff0511ab6aab9.png,U掌柜,浙江,145,,1,17,--,15.00,10,16,2017,B+轮
文化娱乐,27446849,466ed420a5dfad9d9ba95d98cf16642b.png,36氪传媒,北京,115,,1,13,30000,15.00,12,2,2017,A轮
医疗健康,25295,73711169559ed6a29c07c8fd4a5991e7.jpg,燃石医学,广东,47,,1,29,30000,15.00,12,3,2016,B轮
文化娱乐,10641,archive/10641.png,摩登天空ModernSKY,北京,115,,1,21,--,15.00,10,7,2016,F轮-上市前
医疗健康,25382,f737796bdbaa6d6533223cbb92f31454.png,上药云健康,上海,47,,1,19,13500,15.00,3,14,2016,A+轮
金融,8488,756534c336df67713ae4674a4551aaea.png,投哪网,广东,12,,1,3,30000,15.00,1,4,2018,C轮
旅游,41299,91060c1e6b2d062db12a212f49695d57.jpg,驰誉旅游,上海,57,,1,16,30000,15.00,6,2,2016,A轮
物流,17092,c9296582e432ba08bc7206b5a1468e95.jpg,福佑卡车,江苏,211,,1,2,15000,15.00,1,19,2018,C+轮
广告营销,41471,cea1ed6368f59393ae685fa4b13f2b4a.png,ZMT众盟,北京,95,,1,15,18000,15.00,11,16,2017,B+轮
汽车交通,12200,archive/12200.png,凹凸租车,上海,28,,1,31,--,15.00,8,19,2017,C+轮
医疗健康,24920,4f53c02d308802b60c18adb178423a0b.jpg,贝登医疗,江苏,47,,1,22,10000,15.00,5,14,2018,A+轮
硬件,42293,b3a1f98d249e794f4364d60c5a34a0ac.png,天仪研究院,湖南,103,,1,20,15000,15.00,7,3,2018,B轮
电子商务,17468,ef4bd92e412c4b4d07a1fa1738a77ea6.png,快塑网,广东,145,,1,15,35000,15.00,11,16,2016,B+轮
企业服务,14029,9c36a206108ff82646f852e1102e9c74.png,Udesk,北京,126,,1,28,30000,15.00,9,4,2018,C轮
企业服务,14644,archive/14644.png,全时,北京,126,,1,13,--,15.00,4,4,2015,C轮
游戏,6440,69e6cc50eec2b2ddf1895d58756ffdf4.jpg,深圳岂凡网络,广东,80,,1,3,--,15.00,4,2,2018,A轮
医疗健康,32401,e52500ce8b827b06eab7b40d9a096a2c.jpg,太美医疗,浙江,47,,1,9,30000,15.00,4,5,2018,D轮
房产服务,25875,3361e39de4afb1f94e8a4d573451499f.png,爱上租,浙江,38,,1,28,30000,15.00,9,3,2017,B轮
游戏,14595,archive/14595.png,4399游戏网,福建,80,,1,20,--,15.00,6,3,2014,B轮
房产服务,34471,d26aa7b8ddcf53a594c4fff51c65b65a.jpg,空间家,北京,38,,1,16,--,15.00,4,3,2018,B轮
企业服务,58297,b97f5cbcda0834140bdb0d7534b4a2e2.png,杭州绿湾,浙江,126,,1,16,30000,15.00,1,3,2017,B轮
医疗健康,57807,e47157098d82ee076d4b28187b6878c2.png,前沿生物,江苏,47,,1,3,30000,15.00,1,4,2017,C轮
医疗健康,58379,e1f166b6a3ea5e11878363a7899113db.png,邦尔骨科,浙江,47,,1,9,30000,15.00,5,4,2018,C轮
企业服务,57933,250b6d143986a05ee70c54ea60b9a8c2.png,深醒科技,北京,126,,1,1,--,15.00,6,3,2018,B轮
房产服务,17772,4faa80dc02e9eb956bee7f694677928f.png,巴乐兔,上海,38,,1,10,30000,15.00,5,16,2018,B+轮
硬件,32569572,1018f76e7c06f183af4ba08de32095eb.png,麒盛科技,浙江,103,,1,1,20000,15.00,2,11,2018,战略投资
电子商务,56292,743dc810c107f8598f347758ddec2cfe.png,领添信息,江苏,145,,1,21,30000,15.00,6,3,2016,B轮
教育,1766,archive/1766.png,邢帅教育,广东,1,,1,6,30000,15.00,4,3,2016,B轮
医疗健康,17826,eab52baa8928cd3ff4ca4b2189b57b26.png,妈咪知道,广东,47,,1,26,15000,15.00,6,4,2018,C轮
企业服务,531,archive/531.png,雅座,北京,126,,1,15,20000,15.00,6,4,2015,C轮
本地生活,54137,226fda69bb7d628e281e3786271ff87e.png,库桥鸡排,北京,70,,1,1,30000,15.00,12,2,2016,A轮
文化娱乐,53300,50b6a0673cc4207f7e177f024828ddbf.jpg,中影游,北京,115,,1,13,10000,15.00,6,1,2016,天使轮
本地生活,15324,b1271cd2490e62b0516eb8d8dbfe8c77.png,59store,上海,70,,1,1,--,15.00,8,11,2017,战略投资
医疗健康,49604,121d11fbcf7b51bd38912c07087227a2.jpg,北京宝岛妇产医院,北京,47,,1,26,15000,15.00,12,2,2016,A轮
房产服务,10438,9fb928bb03eca48271d241823c776676.png,蘑菇租房,上海,38,,2,30,3000,14.95,12,19,2017,C+轮
医疗健康,30928,35fd779f9470d5adca7575e0c55eaaaf.png,康龙化成,北京,47,,2,16,28000,14.85,12,11,2015,战略投资
企业服务,24754,a170002e98344c25a66499f74142bfe5.png,上上签,浙江,126,,1,31,35800,14.32,8,4,2018,C轮
医疗健康,33352550,7f894d568e11cb320749c4b98780d9a2.png,加科思,北京,47,,2,30,5500,14.30,8,4,2018,C轮
医疗健康,13731,archive/13731.jpg,杏仁医生,上海,47,,1,14,20000,14.00,7,3,2015,B轮
医疗健康,56721,210347b4478682de3aa65f702f83f21d.png,瑞博生物,江苏,47,,1,1,--,13.50,12,16,2017,B+轮
硬件,20052,0ad0225ba82f8aeef7ccc0cda418527f.png,李群自动化,广东,103,,1,15,10000,13.50,10,4,2018,C轮
医疗健康,58457,95c37c93392e1d5daacf1b9b725f768b.png,天广实,北京,47,,1,22,27000,13.50,1,3,2017,B轮
工具软件,7089,archive/7089.png,墨迹天气,北京,161,,1,23,--,13.50,5,5,2016,D轮
硬件,13828,7929bde96e78e873824e3ff2ceeca7e4.jpg,云丁科技,北京,103,,1,11,27000,13.50,7,19,2018,C+轮
企业服务,49011,1f52b8103cb9ea9aa3e0412bfa9d9902.png,佐助金服,浙江,126,,1,20,20000,13.50,9,2,2017,A轮
金融,8872,f288e8a723efb60d03ec69133cb64d98.png,银承库,北京,12,,1,6,26500,13.25,7,16,2018,B+轮
文化娱乐,79057,7ad667f8bcc77933cec3ed9bc86e6abd.png,M17 Entertainment,台湾,115,,2,3,4000,13.00,8,2,2017,A轮
广告营销,1678,archive/1678.png,时趣互动,北京,95,,2,31,5850,13.00,8,5,2015,D轮
医疗健康,80871,277f9cac728fe7722938ee4e933fc5df.png,瀚海基因,广东,47,,1,19,21800,13.00,4,2,2018,A轮
企业服务,67577,b207c4419aec6a1629360afe58e15c83.jpg,猎户星空,北京,126,,2,25,4075,13.00,5,2,2017,A轮
医疗健康,1755,archive/1755.png,杏树林,北京,47,,2,27,3200,13.00,1,4,2016,C轮
企业服务,21629,0f1779ec98d6a33129a1a12aaa4988cf.png,Agora声网,上海,126,,2,11,3000,13.00,6,16,2018,B+轮
企业服务,60077,b2a3e94bf367ca2d0683c43b9d47bb2a.png,深鉴科技,北京,126,,2,23,4000,13.00,8,14,2017,A+轮
汽车交通,32566,4e1f2d738997f0c97fa5ceadf4921856.jpg,丰顺路宝,北京,28,,2,22,4500,13.00,2,2,2016,A轮
工具软件,1215,1ea6d4d234795d4dcbbfa853d471b43e.jpg,快牙,北京,161,,2,1,2000,13.00,6,3,2014,B轮
电子商务,18222,b08b21298c7ddc3ccd14d857ddbab8a8.png,小红唇,北京,145,,2,1,6384,13.00,8,4,2016,C轮
电子商务,42859,437c9b42fd8d2324188e8642ba7e5461.jpg,花卷商城,北京,145,,2,17,4000,13.00,10,3,2017,B轮
工具软件,8621779,953c11c0454f237b37a575cb587f85ed.png,B612咔叽,北京,161,,2,31,5000,13.00,1,2,2018,A轮
文化娱乐,42031,f56285ef16dace1fb5e7042402389013.jpg,火星小说,北京,115,,2,8,4000,13.00,11,16,2017,B+轮
工具软件,32676918,dfabd463184fa700f022d318fd64ee9e.png,超脑链,浙江,161,,2,30,2000,13.00,7,2,2018,A轮
金融,35313,d4c48cfc9e4fa320059e95692a4a8bac.png,抓钱猫,浙江,12,,1,14,20000,13.00,9,3,2017,B轮
电子商务,27312,8d4b58192ad7ca42257dba2cbf921474.jpg,链尚国际,上海,145,,2,12,3000,13.00,7,4,2017,C轮
企业服务,16088,859ef6144c4c794eba7a084a737ae1b1.jpg,神策数据,北京,126,,2,11,4400,13.00,4,4,2018,C轮
汽车交通,8805,archive/8805.png,微车,北京,28,,2,19,--,13.00,4,4,2018,C轮
医疗健康,19937662,a8e2c3e645d12e6e22c78e048bb3f893.png,欧米尼医药,上海,47,,1,19,26000,13.00,10,4,2017,C轮
企业服务,2226,b343a7c9dbacb46c069135e3248c8f8d.jpg,拉勾网,北京,126,,2,22,12000,13.00,9,5,2017,D轮
金融,18007,d9fcf0423b6b255b4aa949515c06b6bb.jpg,朝阳永续,上海,12,,1,10,25000,12.50,6,11,2016,战略投资
物流,26194,266bfdf495de7fe00c15bb23bf933c0f.png,永辉云创,上海,211,,1,23,6250,12.50,5,11,2018,战略投资
本地生活,3776,bafe200baee9dac947a702da9b98ab72.jpg,云纵,北京,70,,1,14,25000,12.50,5,16,2018,B+轮
文化娱乐,5355,9497221bb7125a907f087f5a269b5542.png,MorningTec晨之科,上海,115,,1,21,25000,12.50,11,5,2016,D轮
金融,53970,6e85887df0855289fe37646dfd022e85.png,爱贷网,浙江,12,,1,25,20000,12.00,11,3,2016,B轮
旅游,10265,archive/10265.png,UTHING游心旅行,北京,57,,1,24,--,12.00,8,4,2017,C轮
汽车交通,13287,archive/13287.png,好车无忧,北京,28,,2,11,5000,12.00,11,3,2015,B轮
医疗健康,29680,bc068e88136afe34206b7424b808ab5e.jpg,中药材天地网,四川,47,,1,1,--,12.00,9,4,2016,C轮
企业服务,20053,fac9a93ac106c3fc9a6eae08fd9a864c.png,二维火,浙江,126,,1,18,--,12.00,7,3,2016,B轮
医疗健康,44132,746e772f3e6e2d7f54117b5be966ada5.jpg,鹍远基因,上海,47,,2,28,6000,12.00,3,14,2018,A+轮
文化娱乐,33317,467a5fa84e0879b96acc1a4f7fc964aa.jpg,二更,浙江,115,,1,18,12000,12.00,4,16,2018,B+轮
游戏,10293,archive/10293.png,ImbaTV,上海,80,,1,9,--,12.00,2,4,2018,C轮
企业服务,25444663,8a87bd6008a69f5fdffa6fbcd0ed1673.png,硅基智能,江苏,126,,1,8,--,12.00,7,14,2018,A+轮
本地生活,18114,0e012e7acdf2554e4983dce355d144f6.png,ENJOY,北京,70,,2,22,3000,12.00,4,19,2016,C+轮
金融,28293,a69034f6a44b0d7e023bf2a737b81214.jpg,微汇金融WeXFin,上海,12,,2,25,3200,12.00,10,2,2015,A轮
文化娱乐,26340,9e53c69872e523947b83395779720eef.jpg,原力动画,江苏,115,,1,23,--,12.00,2,11,2016,战略投资
汽车交通,50867,96a776fb35999bc2ce44e71e47b834d8.png,凯泰铭,北京,28,,1,1,--,12.00,2,14,2018,A+轮
金融,27433,31ae997afe244ea901f2afe2e2d416d5.png,开始吧众筹,浙江,12,,1,29,19000,12.00,8,4,2017,C轮
本地生活,12957,996a943cad98dc9cdb1801879f075969.jpg,FarmLink链农,北京,70,,1,21,--,12.00,7,16,2017,B+轮
电子商务,17229,924235ed1bc4381a090c5a2cb5e07d02.png,麦乐购,北京,145,,2,8,5000,12.00,5,3,2015,B轮
硬件,8940,archive/8940.jpg,MemBlaze忆恒创源科技,北京,103,,2,21,--,12.00,12,4,2015,C轮
房产服务,33223,2793d12a015f45e7a58bf2ee47a1d070.png,好租网,北京,38,,1,8,--,12.00,5,4,2018,C轮
硬件,16442,c741ef1a172cfee2b01c804697c1d78b.jpg,3Glasses,广东,103,,1,23,24000,12.00,3,4,2018,C轮
文化娱乐,41512,773ec71178fee4e85397fd5b917370a0.jpg,皮皮鲁,北京,115,,1,16,--,12.00,10,3,2016,B轮
汽车交通,20291,26ba9c826fad96b21643688a8a7b117c.png,乐车邦,上海,28,,1,25,30000,12.00,5,3,2017,B轮
房产服务,18463,054c036f9b63cb52feef6414b2b3dc56.png,安心公寓,上海,38,,1,6,--,12.00,5,16,2017,B+轮
文化娱乐,51953,28d9eedc14ab0d401179951662bc93a5.jpg,笑果文化,上海,115,,1,24,10000,12.00,5,14,2017,A+轮
电子商务,20631,095996c478866177a43af6f78f480288.jpg,韩束,上海,145,,1,11,40000,12.00,5,11,2015,战略投资
本地生活,15054,fb81cfe6f49762443b750f50c2d1c839.png,宅米,上海,70,,2,20,--,12.00,4,16,2016,B+轮
企业服务,8166,archive/8166.png,永洪科技,北京,126,,1,23,20000,12.00,7,4,2016,C轮
医疗健康,30365,850aaf66d945590d7c1f11cbcd1e1ebd.jpg,康方生物,广东,47,,1,28,30000,12.00,8,3,2017,B轮
企业服务,2734,archive/2734.jpg,大街网,北京,126,,1,26,10000,12.00,5,20,2017,D+轮
医疗健康,35783,97849380c8cd11981192386521d60706.png,世和基因,江苏,47,,1,1,5000,12.00,11,19,2017,C+轮
教育,17367,b82642536196fec7650bb15aa8b7573e.png,阿凡题,北京,1,,2,15,6000,12.00,12,3,2015,B轮
文化娱乐,59061,cdd07fd0e9c96dd1e9b7ed608701d381.jpg,乐漾影视,北京,115,,1,23,--,12.00,2,2,2017,A轮
电子商务,16651,0099678c641e7ddc8fc11c8412fc691f.jpg,找塑料,广东,145,,2,28,3600,12.00,7,3,2015,B轮
硬件,29013,a809c0faa3abbe11dee26164cea3542c.png,Appier,台湾,103,,2,30,3300,11.70,8,4,2017,C轮
广告营销,6121,archive/6121.png,WiWide迈外迪,北京,95,,1,8,30000,11.50,12,4,2014,C轮
企业服务,3093,6a5df97a38e7a9b3b98ddb7ac5642f24.png,EC六度人和,广东,126,,1,30,17000,11.50,5,4,2016,C轮
教育,8810,95081d4f018c778eee820de49be61989.png,智课网SmartStudy,北京,1,,1,1,20000,11.50,11,16,2017,B+轮
房产服务,16708,3a647622cb8fb173602a63b8f5f2ce6f.jpg,爱空间,北京,38,,1,28,21600,11.00,6,4,2017,C轮
硬件,44386,b030db77bdcc1fa0e4502f9a8e93d7b3.jpg,钛米机器人,上海,103,,1,17,20000,10.50,7,3,2018,B轮
硬件,33382,98e4e16f29053e31ba79b09139657177.jpg,九爱科技,浙江,103,,1,13,21000,10.50,11,2,2017,A轮
硬件,52315,9335f7440e0bdd99df78a21cdcf8411f.png,玖锦科技,四川,103,,1,11,11000,10.50,9,11,2018,战略投资
汽车交通,12009,bda2618c246dc4ae0d43e0ac0360547c.png,广联赛讯,广东,28,,1,1,15000,10.50,6,2,2016,A轮
医疗健康,58683,d70363a0120dfc9f31ecf1d3090ed33d.png,臻和科技,北京,47,,1,11,21000,10.50,2,4,2018,C轮
房产服务,23393,21be2c8127ffdd1a7bcfede1091f51ba.png,优办网,北京,38,,2,17,3000,10.40,9,3,2016,B轮
电子商务,28205,9d3c8f01253fc6923fb77d46b8d0675b.jpg,MashaMa,上海,145,,2,31,4000,10.40,1,3,2018,B轮
体育运动,54357,df78e9f090417f393c43be7f9b06574e.jpg,咕噜咕噜,上海,210,,2,9,3800,10.40,12,2,2016,A轮
房产服务,20020,e164863f55e878c307bb4080e4072944.jpg,美丽屋,天津,38,,2,21,3000,10.40,1,3,2016,B轮
工具软件,132,0b4606d79d5c1c51148fae6f47e62ed2.jpg,随身云,北京,161,,2,13,2500,10.40,11,3,2014,B轮
金融,19299,68f2324663762fac52223e03273cf2d6.jpg,全民财富,上海,12,,2,24,--,10.40,8,3,2017,B轮
电子商务,15648,857d9c85595492f791dfe5d887fe0a32.jpg,大V店,北京,145,,2,6,--,10.40,4,4,2017,C轮
文化娱乐,44549,4875a10880928a2c56769aa899e48c9d.png,IMAX爱麦克斯,上海,115,,2,11,5000,10.40,11,11,2016,战略投资
企业服务,9653,archive/9653.png,宝库在线,北京,126,,2,25,--,10.40,8,3,2015,B轮
房产服务,31981,19f8fac34cc41f387dd1615cba7df52c.jpg,悟空找房,上海,38,,2,11,--,10.40,4,4,2017,C轮
企业服务,4322,97f79053430782d50bbb623fed377b96.png,CC视频,北京,126,,1,9,20800,10.40,11,4,2017,C轮
汽车交通,34485,64407c237150c515844125339b469ecf.jpg,精真估,北京,28,,2,1,3000,10.40,3,3,2016,B轮
硬件,25465,2ccf010b83942ba60054afdc0bc54144.png,FIIL耳机,北京,103,,2,31,2000,10.40,12,2,2015,A轮
企业服务,24460,ad45d5c768f5127a5a236ddf35a64ae2.png,GrowingIO,北京,126,,2,28,2000,10.40,6,2,2016,A轮
本地生活,21853,d786eea5557d95660236a1050c64b2b2.png,16WiFi一路热点,北京,70,,1,20,30000,10.00,6,3,2016,B轮
社交网络,1873,477b946154599f03b17be4d23cb955e0.jpg,生日管家,北京,135,,1,2,--,10.00,4,3,2018,B轮
电子商务,63461,592f94f42718667e86c3fd959880e727.png,小e微店,北京,145,,1,11,20000,10.00,10,3,2017,B轮
本地生活,32675095,18819d36d7476093e9d30c272e449c40.png,每一天便利,陕西,70,,1,9,20000,10.00,3,1,2018,天使轮
汽车交通,61432,01ad8e3666f216243a406e1094d6b244.jpg,中安金控,浙江,28,,1,15,22000,10.00,5,2,2017,A轮
农业,26739,0688520796690483f6bfd8e79d6a32aa.png,大丰收农资商城,广东,258,,1,22,20000,10.00,6,3,2017,B轮
教育,64437,ac70b2ad465e465ef76efa93c290a726.png,超神互动,浙江,1,,1,13,30000,10.00,6,11,2017,战略投资
本地生活,17542,f3e4e05943b57325ad288b5537d60382.jpg,闪修侠,浙江,70,,1,3,8000,10.00,9,16,2018,B+轮
本地生活,60651,4501ab4f805f244e24748f110d2f549e.jpg,怪兽充电,上海,70,,1,23,20000,10.00,11,3,2017,B轮
金融,8187,archive/8187.jpg,格上理财,北京,12,,1,21,10000,10.00,4,2,2016,A轮
文化娱乐,66903,30676b0526fefe0c67c47ccb11e3258f.png,银河酷娱火星情报局,天津,115,,1,27,20000,10.00,6,3,2017,B轮
企业服务,61822,aecf18044f4cff2f591c041a8f6ebb9e.png,肯耐珂萨,上海,126,,1,18,15000,10.00,1,16,2018,B+轮
金融,59199,e3f35b9d48c6b57c158ee478683145ee.png,奖金网,广东,12,,1,1,20000,10.00,3,3,2017,B轮
旅游,24544,com_logo_archive/24544.png,青普旅游,北京,57,,1,20,20000,10.00,3,2,2017,A轮
金融,58818,df81f4d0f47af25c7de6e31bfa498bb9.png,浅橙科技,上海,12,,1,26,20000,10.00,7,3,2017,B轮
房产服务,20743,37c552ea7b695bc02940300aa1953171.png,未来域,北京,38,,1,8,20000,10.00,6,3,2017,B轮
汽车交通,67501,708c0d7fbd33c7b894d421ceea477f2e.png,和谐汽车,河南,28,,1,30,28000,10.00,6,11,2017,战略投资
教育,15553,b9e2e1a3e79e6bc3bc0140aaa3d6f219.jpg,小熊尼奥,上海,1,,1,21,25000,10.00,10,3,2016,B轮
金融,58578,3ca8b550a2d55210c4f95e2c52bfa6f8.jpg,雨点金服,上海,12,,1,28,20000,10.00,12,3,2016,B轮
游戏,10784,archive/10784.png,爱游戏,江苏,80,,1,1,30000,10.00,6,2,2014,A轮
金融,58383,f9a56cf9b3ea20109573a55147671877.png,恩多在线,广东,12,,1,18,20000,10.00,1,2,2017,A轮
企业服务,32967275,da96ddf10e8709bb3ab8db9a8a96864c.png,微天下,浙江,126,,1,15,20000,10.00,6,2,2018,A轮
医疗健康,68324,c5a2867747302f6251bb2f38aad08e72.png,义翘神州,北京,47,,1,15,20000,10.00,5,2,2017,A轮
文化娱乐,1085,95d3c10fb55a8cc7e065602e5a235cfe.png,车语传媒,北京,115,,1,12,20000,10.00,9,4,2017,C轮
电子商务,55355,3acfafdba2d3adb00e9b8be5dc493a61.png,踏浪者,北京,145,,1,2,20000,10.00,3,3,2017,B轮
金融,27638,3c1e584277ffb866478b3752bacc13c8.png,蔚捷科技,上海,12,,1,23,5000,10.00,3,5,2018,D轮
企业服务,54847,74a24f5ccd8ddec25a97112a770c33aa.jpg,阿拉丁小程序统计平台,北京,126,,1,27,6000,10.00,2,2,2018,A轮
体育运动,25849,2c7cd309a7b45b9f4a7d457b94b0a937.jpg,悦动圈,广东,210,,1,24,10000,10.00,4,4,2017,C轮
物流,54503,23eb7245aa06601cae727ef5857cbf28.jpg,快仓智能仓储机器人,上海,211,,1,29,20000,10.00,3,3,2017,B轮
汽车交通,23382,3b067bf5d78bb35773ebadfab404108a.png,车车车险,北京,28,,1,2,20000,10.00,11,3,2017,B轮
教育,54087,55a20a2b1230a7086b1a9d6d38a4fc0d.png,VIP陪练,上海,1,,1,8,--,10.00,1,3,2018,B轮
汽车交通,21035,c476484392d51a9758221a5072518a74.png,博车网,北京,28,,1,22,20000,10.00,1,3,2016,B轮
医疗健康,52978,701f0a998ffe01ec42253ad6769f3f0a.png,奕真生物,浙江,47,,1,19,20000,10.00,10,3,2016,B轮
电子商务,17958,435f1f5e7fe4882b63331b4b811c4cc9.jpg,好彩头,福建,145,,1,15,20000,10.00,2,2,2015,A轮
医疗健康,52948,71f6046d1f0b1dac882060ef169e21f8.jpg,图玛深维,北京,47,,1,1,20000,10.00,12,3,2017,B轮
企业服务,15808,179822ef4d3f103ec5e8d749368a4c31.jpg,青藤云安全,北京,126,,1,26,20000,10.00,2,3,2018,B轮
电子商务,52816,57893412008e42e44418476df31ba7a2.png,动态科技,广东,145,,1,3,30000,10.00,4,2,2016,A轮
医疗健康,13967,archive/13967.png,微医贝联,上海,47,,1,27,--,10.00,10,11,2016,战略投资
企业服务,78849,1f6de048739e7e1e89295bc4c2747811.png,树根互联,北京,126,,1,9,--,10.00,1,2,2018,A轮
企业服务,32709433,35e160e5d30877bdbc292dcfce1c463c.png,拍拍看,海南,126,,1,14,20000,10.00,3,2,2018,A轮
金融,51636,31bc3fbd2152894b9dd301aa49d3e5b8.png,海融易,山东,12,,1,12,20000,10.00,7,2,2017,A轮
企业服务,8500,dc622a90acc7a594e7fcd534473d1f60.png,海云数据HYDATA,北京,126,,1,15,10000,10.00,8,3,2017,B轮
硬件,49620,496b229c0d9ce814f004b35273c99593.png,352空气净化器,北京,103,,1,6,20000,10.00,11,2,2017,A轮
文化娱乐,32838107,45467084efeee5ad8a55c08c554b0406.png,麦希影院,上海,115,,1,17,--,10.00,3,2,2018,A轮
游戏,79889,48894559b0755a5b6a57a9e39d3d4707.png,乐易游戏,广东,80,,1,10,--,10.00,3,2,2016,A轮
旅游,2730,6b231978a20ca0a75f45b8f5489fe8d2.png,泰坦云,广东,57,,1,27,10000,10.00,6,4,2018,C轮
本地生活,79988,0a2fc9f6077c9382b9d482780706aba8.png,老乡鸡餐饮,安徽,70,,1,23,20000,10.00,1,3,2018,B轮
本地生活,33292671,1b43bc3e0ccd8d892389fbc502159a83.png,地球港,北京,70,,1,12,--,10.00,8,12,2018,Pre-A轮
本地生活,80168,e7f2e16faf36c5a6a02986aa6bf8302e.png,西婵,四川,70,,1,10,20000,10.00,8,11,2017,战略投资
企业服务,1062,archive/1062.png,WiTown树熊网络,浙江,126,,1,12,20000,10.00,6,3,2016,B轮
企业服务,46242,eaefa2327269007fc8a5810948011eb5.png,竹云科技,广东,126,,1,22,--,10.00,5,14,2018,A+轮
金融,28112,f2a253ed19e7e1ef3ee6626e14549c99.png,微牛,湖南,12,,1,19,20000,10.00,7,3,2018,B轮
体育运动,44635,1916632bfaa16c5600e03efa4b372f3b.png,暴风体育,北京,210,,1,20,20400,10.00,9,2,2016,A轮
汽车交通,15790152,7961aad01c87e588a861a336817d608f.png,宽凳科技,北京,28,,1,26,16000,10.00,2,2,2018,A轮
金融,43768,77e9966f41ecd197dd7f60ac3381f293.png,鹏金所,广东,12,,1,24,30000,10.00,8,11,2016,战略投资
医疗健康,19899602,3b5b21d352d7944d026ee41ff4649b09.png,DiaCarta帝基生物,江苏,47,,1,20,30000,10.00,11,3,2017,B轮
企业服务,42598,8ae6b507db6af55868c4787a36436df3.png,白山,贵州,126,,1,1,24000,10.00,6,19,2018,C+轮
文化娱乐,25669,c67c1c25986a2f67f8fe88a34a31eb18.png,美篇,江苏,115,,1,8,--,10.00,8,3,2018,B轮
金融,41458,633fcd81ff4766902cdb7c068eb68585.jpg,资本在线,广东,12,,1,22,20000,10.00,6,3,2016,B轮
汽车交通,24327,a7ab5bd23bd9500722cfa9d40f04371f.jpg,德师傅,北京,28,,1,19,--,10.00,10,16,2017,B+轮
企业服务,81839,327ac57a220ab0f247f4dcff8ab9629e.png,岛里,江苏,126,,1,29,20000,10.00,11,2,2015,A轮
金融,23049,e62307af900500d05a6d237548d0c37f.png,投之家,广东,12,,1,15,40900,10.00,6,3,2018,B轮
本地生活,37956,9ff6b25f81271b52742acd2f48859b0c.jpg,爱便利,河南,70,,1,30,20000,10.00,3,3,2017,B轮
游戏,21036,ffc46dd62a5958e1e0297525ecc0572c.png,NOX夜神,北京,80,,1,20,20000,10.00,11,3,2017,B轮
医疗健康,35452,2a019b55a24206a1c552ce85208fdc23.png,360好药,广东,47,,1,26,10000,10.00,5,2,2016,A轮
物流,20779,ff657d76e85cba055f8ccb99b619e7ac.png,UU跑腿,河南,211,,1,6,20000,10.00,8,3,2018,B轮
金融,34894,8dd8828bc92984e1ce5eaf264cf35320.jpg,泓申金服,上海,12,,1,30,12000,10.00,11,3,2017,B轮
文化娱乐,20255,bce771ed089a8a27b6d33c2dd1b7218d.jpg,Hotoday英威诺,广东,115,,1,2,20000,10.00,12,3,2015,B轮
硬件,34663,257889569477f455a734cce0c284e7cb.png,珞石机器人,北京,103,,1,20,16000,10.00,9,3,2018,B轮
电子商务,17860,a8e19e69fc99b418107521fed93143c8.jpg,SheIn找库科技,广东,145,,1,5,20000,10.00,6,3,2015,B轮
硬件,34622,fc17c7856b3c9465192658d3aae88c85.png,数字绿土Lidar360,北京,103,,1,25,--,10.00,12,3,2017,B轮
企业服务,17231,486003b52f9e40e18adbfc3aff751747.png,DaoCloud道客云,上海,126,,1,19,10000,10.00,9,3,2018,B轮
金融,33390,6c118658e0e9d4873da0bee9763806b5.png,慧择保险,广东,12,,1,3,10000,10.00,8,16,2016,B+轮
电子商务,15577,com_logo_archive/15577.png,韩后Hanhoo,广东,145,,1,8,--,10.00,5,3,2015,B轮
电子商务,32288,b5a7faa2480c407383b886baa7a8f060.png,Shopal,上海,145,,1,21,20000,10.00,9,16,2018,B+轮
金融,14956,1a8fe53d7d7e61fd2d5e3a213f0d500c.png,大特保,北京,12,,2,6,--,10.00,7,16,2016,B+轮
医疗健康,31887,9631d2b4ea2da11a52b638f2a9a0dbf1.jpg,安心医生,北京,47,,1,21,20000,10.00,2,16,2017,B+轮
金融,13693,archive/13693.png,量化派Quant Group,北京,12,,1,25,50000,10.00,11,4,2016,C轮
金融,31495,18c88fddcf0723ad77cacc3ac138cea1.jpg,米多财富,北京,12,,1,4,14700,10.00,1,3,2016,B轮
金融,12537,a7e059042bfcecd78dc2d1fcdee13857.png,短融网,北京,12,,1,13,30000,10.00,7,4,2018,C轮
电子商务,31290,94a79fe53cc049ac1a76c10ef59dc781.jpg,大丰收,上海,145,,1,14,20000,10.00,6,3,2017,B轮
金融,12330,2dd0a30b5dfe6951cbabc07e3d476653.jpg,微金所,北京,12,,1,5,5000,10.00,8,11,2016,战略投资
金融,30775,0bdd5b749460b02ee433b9d178ebf07e.jpg,积木股票,北京,12,,2,21,8400,10.00,4,4,2015,C轮
硬件,8984,68947c841efa1e9c9c2d597871d451a2.png,天使之橙,上海,103,,1,17,40000,10.00,10,3,2017,B轮
文化娱乐,30552,7a196e349fc0f227808176d499c4891f.jpg,易茗造型,北京,115,,1,10,20000,10.00,12,2,2015,A轮
企业服务,8197,1148ae93981e0783fafde42aa048f83a.png,智齿客服,北京,126,,1,10,15000,10.00,4,16,2018,B+轮
游戏,30323,1794e6f0c73714ce6b5324938ef86cda.jpg,香蕉游戏传媒,上海,80,,1,27,20000,10.00,9,3,2017,B轮
文化娱乐,3914,archive/3914.png,剧角映画,北京,115,,1,18,20000,10.00,11,5,2016,D轮
广告营销,29823,8718f686ceed4b04cce2857fc161f1e7.png,亿投传媒,上海,95,,1,21,10000,10.00,6,3,2018,B轮
文化娱乐,3513,773be4bc58efd0449afe323cd856e232.png,懒人听书,广东,115,,1,25,20000,10.00,6,4,2018,C轮
电子商务,29682,1cf59e24aca01f642f896c4bceed4565.png,51订货,江苏,145,,1,8,15000,10.00,7,3,2016,B轮
企业服务,3016,archive/3016.jpg,人瑞集团,上海,126,,1,11,10000,10.00,3,4,2016,C轮
企业服务,8188384,7788294e23d250dedac0b01feefd4a34.png,中科闻歌,北京,126,,1,16,--,10.00,5,2,2018,A轮
医疗健康,2189,dd375c664e9d4846ddaa68a70e9de3c8.png,华康移动医疗,广东,47,,1,28,20000,10.00,4,3,2015,B轮
文化娱乐,8594521,31794f76f755e6705d66dfae5674bcb7.png,小糖人传媒,北京,115,,1,4,10000,10.00,1,14,2018,A+轮
企业服务,1843,ea59ffdce6704ba0ed723c8fdc055427.jpg,会唐网,北京,126,,1,8,--,10.00,8,16,2017,B+轮
金融,29581,def12c84e2ee40f87289b43f79eb9d3b.png,洋钱罐,北京,12,,1,17,31000,10.00,11,2,2015,A轮
农业,33346188,1c51927c33632f8ad3b8be798fd9a858.png,社员网,北京,258,,1,3,5000,10.00,1,3,2017,B轮
企业服务,29123,0e3075964a4da9050cf15eb0a25af790.png,方糖小镇,上海,126,,1,9,20000,10.00,9,2,2016,A轮
汽车交通,33390214,edea5a8d1f50ed7a90eec306a0357d63.png,秒台车,广东,28,,1,16,22000,10.00,9,2,2018,A轮
物流,29050,a2f053009ac7c86945d5e1e3890dde75.png,九曳供应链,上海,211,,1,10,--,10.00,10,4,2018,C轮
金融,43,archive/43.png,91金融超市,北京,12,,1,19,--,10.00,10,4,2016,C轮
